Date_ID,Date,year,Month,Quarter,Date_ID
DT00001,1/1/17,2017,01,Q1,DT00001
DT00002,1/2/17,2017,01,Q1,DT00002
DT00003,1/3/17,2017,01,Q1,DT00003
DT00004,1/4/17,2017,01,Q1,DT00004
DT00005,1/5/17,2017,01,Q1,DT00005
DT00006,1/6/17,2017,01,Q1,DT00006
DT00007,1/7/17,2017,01,Q1,DT00007
DT00008,1/8/17,2017,01,Q1,DT00008
DT00009,1/9/17,2017,01,Q1,DT00009
DT00010,1/10/17,2017,01,Q1,DT00010
DT00011,1/11/17,2017,01,Q1,DT00011
DT00012,1/12/17,2017,01,Q1,DT00012
DT00013,1/13/17,2017,01,Q1,DT00013
DT00014,1/14/17,2017,01,Q1,DT00014
DT00015,1/15/17,2017,01,Q1,DT00015
DT00016,1/16/17,2017,01,Q1,DT00016
DT00017,1/17/17,2017,01,Q1,DT00017
DT00018,1/18/17,2017,01,Q1,DT00018
DT00019,1/19/17,2017,01,Q1,DT00019
DT00020,1/20/17,2017,01,Q1,DT00020
DT00021,1/21/17,2017,01,Q1,DT00021
DT00022,1/22/17,2017,01,Q1,DT00022
DT00023,1/23/17,2017,01,Q1,DT00023
DT00024,1/24/17,2017,01,Q1,DT00024
DT00025,1/25/17,2017,01,Q1,DT00025
DT00026,1/26/17,2017,01,Q1,DT00026
DT00027,1/27/17,2017,01,Q1,DT00027
DT00028,1/28/17,2017,01,Q1,DT00028
DT00029,1/29/17,2017,01,Q1,DT00029
DT00030,1/30/17,2017,01,Q1,DT00030
DT00031,1/31/17,2017,01,Q1,DT00031
DT00032,2/1/17,2017,02,Q1,DT00032
DT00033,2/2/17,2017,02,Q1,DT00033
DT00034,2/3/17,2017,02,Q1,DT00034
DT00035,2/4/17,2017,02,Q1,DT00035
DT00036,2/5/17,2017,02,Q1,DT00036
DT00037,2/6/17,2017,02,Q1,DT00037
DT00038,2/7/17,2017,02,Q1,DT00038
DT00039,2/8/17,2017,02,Q1,DT00039
DT00040,2/9/17,2017,02,Q1,DT00040
DT00041,2/10/17,2017,02,Q1,DT00041
DT00042,2/11/17,2017,02,Q1,DT00042
DT00043,2/12/17,2017,02,Q1,DT00043
DT00044,2/13/17,2017,02,Q1,DT00044
DT00045,2/14/17,2017,02,Q1,DT00045
DT00046,2/15/17,2017,02,Q1,DT00046
DT00047,2/16/17,2017,02,Q1,DT00047
DT00048,2/17/17,2017,02,Q1,DT00048
DT00049,2/18/17,2017,02,Q1,DT00049
DT00050,2/19/17,2017,02,Q1,DT00050
DT00051,2/20/17,2017,02,Q1,DT00051
DT00052,2/21/17,2017,02,Q1,DT00052
DT00053,2/22/17,2017,02,Q1,DT00053
DT00054,2/23/17,2017,02,Q1,DT00054
DT00055,2/24/17,2017,02,Q1,DT00055
DT00056,2/25/17,2017,02,Q1,DT00056
DT00057,2/26/17,2017,02,Q1,DT00057
DT00058,2/27/17,2017,02,Q1,DT00058
DT00059,2/28/17,2017,02,Q1,DT00059
DT00060,3/1/17,2017,03,Q1,DT00060
DT00061,3/2/17,2017,03,Q1,DT00061
DT00062,3/3/17,2017,03,Q1,DT00062
DT00063,3/4/17,2017,03,Q1,DT00063
DT00064,3/5/17,2017,03,Q1,DT00064
DT00065,3/6/17,2017,03,Q1,DT00065
DT00066,3/7/17,2017,03,Q1,DT00066
DT00067,3/8/17,2017,03,Q1,DT00067
DT00068,3/9/17,2017,03,Q1,DT00068
DT00069,3/10/17,2017,03,Q1,DT00069
DT00070,3/11/17,2017,03,Q1,DT00070
DT00071,3/12/17,2017,03,Q1,DT00071
DT00072,3/13/17,2017,03,Q1,DT00072
DT00073,3/14/17,2017,03,Q1,DT00073
DT00074,3/15/17,2017,03,Q1,DT00074
DT00075,3/16/17,2017,03,Q1,DT00075
DT00076,3/17/17,2017,03,Q1,DT00076
DT00077,3/18/17,2017,03,Q1,DT00077
DT00078,3/19/17,2017,03,Q1,DT00078
DT00079,3/20/17,2017,03,Q1,DT00079
DT00080,3/21/17,2017,03,Q1,DT00080
DT00081,3/22/17,2017,03,Q1,DT00081
DT00082,3/23/17,2017,03,Q1,DT00082
DT00083,3/24/17,2017,03,Q1,DT00083
DT00084,3/25/17,2017,03,Q1,DT00084
DT00085,3/26/17,2017,03,Q1,DT00085
DT00086,3/27/17,2017,03,Q1,DT00086
DT00087,3/28/17,2017,03,Q1,DT00087
DT00088,3/29/17,2017,03,Q1,DT00088
DT00089,3/30/17,2017,03,Q1,DT00089
DT00090,3/31/17,2017,03,Q1,DT00090
DT00091,4/1/17,2017,04,Q2,DT00091
DT00092,4/2/17,2017,04,Q2,DT00092
DT00093,4/3/17,2017,04,Q2,DT00093
DT00094,4/4/17,2017,04,Q2,DT00094
DT00095,4/5/17,2017,04,Q2,DT00095
DT00096,4/6/17,2017,04,Q2,DT00096
DT00097,4/7/17,2017,04,Q2,DT00097
DT00098,4/8/17,2017,04,Q2,DT00098
DT00099,4/9/17,2017,04,Q2,DT00099
DT00100,4/10/17,2017,04,Q2,DT00100
DT00101,4/11/17,2017,04,Q2,DT00101
DT00102,4/12/17,2017,04,Q2,DT00102
DT00103,4/13/17,2017,04,Q2,DT00103
DT00104,4/14/17,2017,04,Q2,DT00104
DT00105,4/15/17,2017,04,Q2,DT00105
DT00106,4/16/17,2017,04,Q2,DT00106
DT00107,4/17/17,2017,04,Q2,DT00107
DT00108,4/18/17,2017,04,Q2,DT00108
DT00109,4/19/17,2017,04,Q2,DT00109
DT00110,4/20/17,2017,04,Q2,DT00110
DT00111,4/21/17,2017,04,Q2,DT00111
DT00112,4/22/17,2017,04,Q2,DT00112
DT00113,4/23/17,2017,04,Q2,DT00113
DT00114,4/24/17,2017,04,Q2,DT00114
DT00115,4/25/17,2017,04,Q2,DT00115
DT00116,4/26/17,2017,04,Q2,DT00116
DT00117,4/27/17,2017,04,Q2,DT00117
DT00118,4/28/17,2017,04,Q2,DT00118
DT00119,4/29/17,2017,04,Q2,DT00119
DT00120,4/30/17,2017,04,Q2,DT00120
DT00121,5/1/17,2017,05,Q2,DT00121
DT00122,5/2/17,2017,05,Q2,DT00122
DT00123,5/3/17,2017,05,Q2,DT00123
DT00124,5/4/17,2017,05,Q2,DT00124
DT00125,5/5/17,2017,05,Q2,DT00125
DT00126,5/6/17,2017,05,Q2,DT00126
DT00127,5/7/17,2017,05,Q2,DT00127
DT00128,5/8/17,2017,05,Q2,DT00128
DT00129,5/9/17,2017,05,Q2,DT00129
DT00130,5/10/17,2017,05,Q2,DT00130
DT00131,5/11/17,2017,05,Q2,DT00131
DT00132,5/12/17,2017,05,Q2,DT00132
DT00133,5/13/17,2017,05,Q2,DT00133
DT00134,5/14/17,2017,05,Q2,DT00134
DT00135,5/15/17,2017,05,Q2,DT00135
DT00136,5/16/17,2017,05,Q2,DT00136
DT00137,5/17/17,2017,05,Q2,DT00137
DT00138,5/18/17,2017,05,Q2,DT00138
DT00139,5/19/17,2017,05,Q2,DT00139
DT00140,5/20/17,2017,05,Q2,DT00140
DT00141,5/21/17,2017,05,Q2,DT00141
DT00142,5/22/17,2017,05,Q2,DT00142
DT00143,5/23/17,2017,05,Q2,DT00143
DT00144,5/24/17,2017,05,Q2,DT00144
DT00145,5/25/17,2017,05,Q2,DT00145
DT00146,5/26/17,2017,05,Q2,DT00146
DT00147,5/27/17,2017,05,Q2,DT00147
DT00148,5/28/17,2017,05,Q2,DT00148
DT00149,5/29/17,2017,05,Q2,DT00149
DT00150,5/30/17,2017,05,Q2,DT00150
DT00151,5/31/17,2017,05,Q2,DT00151
DT00152,6/1/17,2017,06,Q2,DT00152
DT00153,6/2/17,2017,06,Q2,DT00153
DT00154,6/3/17,2017,06,Q2,DT00154
DT00155,6/4/17,2017,06,Q2,DT00155
DT00156,6/5/17,2017,06,Q2,DT00156
DT00157,6/6/17,2017,06,Q2,DT00157
DT00158,6/7/17,2017,06,Q2,DT00158
DT00159,6/8/17,2017,06,Q2,DT00159
DT00160,6/9/17,2017,06,Q2,DT00160
DT00161,6/10/17,2017,06,Q2,DT00161
DT00162,6/11/17,2017,06,Q2,DT00162
DT00163,6/12/17,2017,06,Q2,DT00163
DT00164,6/13/17,2017,06,Q2,DT00164
DT00165,6/14/17,2017,06,Q2,DT00165
DT00166,6/15/17,2017,06,Q2,DT00166
DT00167,6/16/17,2017,06,Q2,DT00167
DT00168,6/17/17,2017,06,Q2,DT00168
DT00169,6/18/17,2017,06,Q2,DT00169
DT00170,6/19/17,2017,06,Q2,DT00170
DT00171,6/20/17,2017,06,Q2,DT00171
DT00172,6/21/17,2017,06,Q2,DT00172
DT00173,6/22/17,2017,06,Q2,DT00173
DT00174,6/23/17,2017,06,Q2,DT00174
DT00175,6/24/17,2017,06,Q2,DT00175
DT00176,6/25/17,2017,06,Q2,DT00176
DT00177,6/26/17,2017,06,Q2,DT00177
DT00178,6/27/17,2017,06,Q2,DT00178
DT00179,6/28/17,2017,06,Q2,DT00179
DT00180,6/29/17,2017,06,Q2,DT00180
DT00181,6/30/17,2017,06,Q2,DT00181
DT00182,7/1/17,2017,07,Q3,DT00182
DT00183,7/2/17,2017,07,Q3,DT00183
DT00184,7/3/17,2017,07,Q3,DT00184
DT00185,7/4/17,2017,07,Q3,DT00185
DT00186,7/5/17,2017,07,Q3,DT00186
DT00187,7/6/17,2017,07,Q3,DT00187
DT00188,7/7/17,2017,07,Q3,DT00188
DT00189,7/8/17,2017,07,Q3,DT00189
DT00190,7/9/17,2017,07,Q3,DT00190
DT00191,7/10/17,2017,07,Q3,DT00191
DT00192,7/11/17,2017,07,Q3,DT00192
DT00193,7/12/17,2017,07,Q3,DT00193
DT00194,7/13/17,2017,07,Q3,DT00194
DT00195,7/14/17,2017,07,Q3,DT00195
DT00196,7/15/17,2017,07,Q3,DT00196
DT00197,7/16/17,2017,07,Q3,DT00197
DT00198,7/17/17,2017,07,Q3,DT00198
DT00199,7/18/17,2017,07,Q3,DT00199
DT00200,7/19/17,2017,07,Q3,DT00200
DT00201,7/20/17,2017,07,Q3,DT00201
DT00202,7/21/17,2017,07,Q3,DT00202
DT00203,7/22/17,2017,07,Q3,DT00203
DT00204,7/23/17,2017,07,Q3,DT00204
DT00205,7/24/17,2017,07,Q3,DT00205
DT00206,7/25/17,2017,07,Q3,DT00206
DT00207,7/26/17,2017,07,Q3,DT00207
DT00208,7/27/17,2017,07,Q3,DT00208
DT00209,7/28/17,2017,07,Q3,DT00209
DT00210,7/29/17,2017,07,Q3,DT00210
DT00211,7/30/17,2017,07,Q3,DT00211
DT00212,7/31/17,2017,07,Q3,DT00212
DT00213,8/1/17,2017,08,Q3,DT00213
DT00214,8/2/17,2017,08,Q3,DT00214
DT00215,8/3/17,2017,08,Q3,DT00215
DT00216,8/4/17,2017,08,Q3,DT00216
DT00217,8/5/17,2017,08,Q3,DT00217
DT00218,8/6/17,2017,08,Q3,DT00218
DT00219,8/7/17,2017,08,Q3,DT00219
DT00220,8/8/17,2017,08,Q3,DT00220
DT00221,8/9/17,2017,08,Q3,DT00221
DT00222,8/10/17,2017,08,Q3,DT00222
DT00223,8/11/17,2017,08,Q3,DT00223
DT00224,8/12/17,2017,08,Q3,DT00224
DT00225,8/13/17,2017,08,Q3,DT00225
DT00226,8/14/17,2017,08,Q3,DT00226
DT00227,8/15/17,2017,08,Q3,DT00227
DT00228,8/16/17,2017,08,Q3,DT00228
DT00229,8/17/17,2017,08,Q3,DT00229
DT00230,8/18/17,2017,08,Q3,DT00230
DT00231,8/19/17,2017,08,Q3,DT00231
DT00232,8/20/17,2017,08,Q3,DT00232
DT00233,8/21/17,2017,08,Q3,DT00233
DT00234,8/22/17,2017,08,Q3,DT00234
DT00235,8/23/17,2017,08,Q3,DT00235
DT00236,8/24/17,2017,08,Q3,DT00236
DT00237,8/25/17,2017,08,Q3,DT00237
DT00238,8/26/17,2017,08,Q3,DT00238
DT00239,8/27/17,2017,08,Q3,DT00239
DT00240,8/28/17,2017,08,Q3,DT00240
DT00241,8/29/17,2017,08,Q3,DT00241
DT00242,8/30/17,2017,08,Q3,DT00242
DT00243,8/31/17,2017,08,Q3,DT00243
DT00244,9/1/17,2017,09,Q3,DT00244
DT00245,9/2/17,2017,09,Q3,DT00245
DT00246,9/3/17,2017,09,Q3,DT00246
DT00247,9/4/17,2017,09,Q3,DT00247
DT00248,9/5/17,2017,09,Q3,DT00248
DT00249,9/6/17,2017,09,Q3,DT00249
DT00250,9/7/17,2017,09,Q3,DT00250
DT00251,9/8/17,2017,09,Q3,DT00251
DT00252,9/9/17,2017,09,Q3,DT00252
DT00253,9/10/17,2017,09,Q3,DT00253
DT00254,9/11/17,2017,09,Q3,DT00254
DT00255,9/12/17,2017,09,Q3,DT00255
DT00256,9/13/17,2017,09,Q3,DT00256
DT00257,9/14/17,2017,09,Q3,DT00257
DT00258,9/15/17,2017,09,Q3,DT00258
DT00259,9/16/17,2017,09,Q3,DT00259
DT00260,9/17/17,2017,09,Q3,DT00260
DT00261,9/18/17,2017,09,Q3,DT00261
DT00262,9/19/17,2017,09,Q3,DT00262
DT00263,9/20/17,2017,09,Q3,DT00263
DT00264,9/21/17,2017,09,Q3,DT00264
DT00265,9/22/17,2017,09,Q3,DT00265
DT00266,9/23/17,2017,09,Q3,DT00266
DT00267,9/24/17,2017,09,Q3,DT00267
DT00268,9/25/17,2017,09,Q3,DT00268
DT00269,9/26/17,2017,09,Q3,DT00269
DT00270,9/27/17,2017,09,Q3,DT00270
DT00271,9/28/17,2017,09,Q3,DT00271
DT00272,9/29/17,2017,09,Q3,DT00272
DT00273,9/30/17,2017,09,Q3,DT00273
DT00274,10/1/17,2017,10,Q4,DT00274
DT00275,10/2/17,2017,10,Q4,DT00275
DT00276,10/3/17,2017,10,Q4,DT00276
DT00277,10/4/17,2017,10,Q4,DT00277
DT00278,10/5/17,2017,10,Q4,DT00278
DT00279,10/6/17,2017,10,Q4,DT00279
DT00280,10/7/17,2017,10,Q4,DT00280
DT00281,10/8/17,2017,10,Q4,DT00281
DT00282,10/9/17,2017,10,Q4,DT00282
DT00283,10/10/17,2017,10,Q4,DT00283
DT00284,10/11/17,2017,10,Q4,DT00284
DT00285,10/12/17,2017,10,Q4,DT00285
DT00286,10/13/17,2017,10,Q4,DT00286
DT00287,10/14/17,2017,10,Q4,DT00287
DT00288,10/15/17,2017,10,Q4,DT00288
DT00289,10/16/17,2017,10,Q4,DT00289
DT00290,10/17/17,2017,10,Q4,DT00290
DT00291,10/18/17,2017,10,Q4,DT00291
DT00292,10/19/17,2017,10,Q4,DT00292
DT00293,10/20/17,2017,10,Q4,DT00293
DT00294,10/21/17,2017,10,Q4,DT00294
DT00295,10/22/17,2017,10,Q4,DT00295
DT00296,10/23/17,2017,10,Q4,DT00296
DT00297,10/24/17,2017,10,Q4,DT00297
DT00298,10/25/17,2017,10,Q4,DT00298
DT00299,10/26/17,2017,10,Q4,DT00299
DT00300,10/27/17,2017,10,Q4,DT00300
DT00301,10/28/17,2017,10,Q4,DT00301
DT00302,10/29/17,2017,10,Q4,DT00302
DT00303,10/30/17,2017,10,Q4,DT00303
DT00304,10/31/17,2017,10,Q4,DT00304
DT00305,11/1/17,2017,11,Q4,DT00305
DT00306,11/2/17,2017,11,Q4,DT00306
DT00307,11/3/17,2017,11,Q4,DT00307
DT00308,11/4/17,2017,11,Q4,DT00308
DT00309,11/5/17,2017,11,Q4,DT00309
DT00310,11/6/17,2017,11,Q4,DT00310
DT00311,11/7/17,2017,11,Q4,DT00311
DT00312,11/8/17,2017,11,Q4,DT00312
DT00313,11/9/17,2017,11,Q4,DT00313
DT00314,11/10/17,2017,11,Q4,DT00314
DT00315,11/11/17,2017,11,Q4,DT00315
DT00316,11/12/17,2017,11,Q4,DT00316
DT00317,11/13/17,2017,11,Q4,DT00317
DT00318,11/14/17,2017,11,Q4,DT00318
DT00319,11/15/17,2017,11,Q4,DT00319
DT00320,11/16/17,2017,11,Q4,DT00320
DT00321,11/17/17,2017,11,Q4,DT00321
DT00322,11/18/17,2017,11,Q4,DT00322
DT00323,11/19/17,2017,11,Q4,DT00323
DT00324,11/20/17,2017,11,Q4,DT00324
DT00325,11/21/17,2017,11,Q4,DT00325
DT00326,11/22/17,2017,11,Q4,DT00326
DT00327,11/23/17,2017,11,Q4,DT00327
DT00328,11/24/17,2017,11,Q4,DT00328
DT00329,11/25/17,2017,11,Q4,DT00329
DT00330,11/26/17,2017,11,Q4,DT00330
DT00331,11/27/17,2017,11,Q4,DT00331
DT00332,11/28/17,2017,11,Q4,DT00332
DT00333,11/29/17,2017,11,Q4,DT00333
DT00334,11/30/17,2017,11,Q4,DT00334
DT00335,12/1/17,2017,12,Q4,DT00335
DT00336,12/2/17,2017,12,Q4,DT00336
DT00337,12/3/17,2017,12,Q4,DT00337
DT00338,12/4/17,2017,12,Q4,DT00338
DT00339,12/5/17,2017,12,Q4,DT00339
DT00340,12/6/17,2017,12,Q4,DT00340
DT00341,12/7/17,2017,12,Q4,DT00341
DT00342,12/8/17,2017,12,Q4,DT00342
DT00343,12/9/17,2017,12,Q4,DT00343
DT00344,12/10/17,2017,12,Q4,DT00344
DT00345,12/11/17,2017,12,Q4,DT00345
DT00346,12/12/17,2017,12,Q4,DT00346
DT00347,12/13/17,2017,12,Q4,DT00347
DT00348,12/14/17,2017,12,Q4,DT00348
DT00349,12/15/17,2017,12,Q4,DT00349
DT00350,12/16/17,2017,12,Q4,DT00350
DT00351,12/17/17,2017,12,Q4,DT00351
DT00352,12/18/17,2017,12,Q4,DT00352
DT00353,12/19/17,2017,12,Q4,DT00353
DT00354,12/20/17,2017,12,Q4,DT00354
DT00355,12/21/17,2017,12,Q4,DT00355
DT00356,12/22/17,2017,12,Q4,DT00356
DT00357,12/23/17,2017,12,Q4,DT00357
DT00358,12/24/17,2017,12,Q4,DT00358
DT00359,12/25/17,2017,12,Q4,DT00359
DT00360,12/26/17,2017,12,Q4,DT00360
DT00361,12/27/17,2017,12,Q4,DT00361
DT00362,12/28/17,2017,12,Q4,DT00362
DT00363,12/29/17,2017,12,Q4,DT00363
DT00364,12/30/17,2017,12,Q4,DT00364
DT00365,12/31/17,2017,12,Q4,DT00365
DT00366,1/1/18,2018,01,Q1,DT00366
DT00367,1/2/18,2018,01,Q1,DT00367
DT00368,1/3/18,2018,01,Q1,DT00368
DT00369,1/4/18,2018,01,Q1,DT00369
DT00370,1/5/18,2018,01,Q1,DT00370
DT00371,1/6/18,2018,01,Q1,DT00371
DT00372,1/7/18,2018,01,Q1,DT00372
DT00373,1/8/18,2018,01,Q1,DT00373
DT00374,1/9/18,2018,01,Q1,DT00374
DT00375,1/10/18,2018,01,Q1,DT00375
DT00376,1/11/18,2018,01,Q1,DT00376
DT00377,1/12/18,2018,01,Q1,DT00377
DT00378,1/13/18,2018,01,Q1,DT00378
DT00379,1/14/18,2018,01,Q1,DT00379
DT00380,1/15/18,2018,01,Q1,DT00380
DT00381,1/16/18,2018,01,Q1,DT00381
DT00382,1/17/18,2018,01,Q1,DT00382
DT00383,1/18/18,2018,01,Q1,DT00383
DT00384,1/19/18,2018,01,Q1,DT00384
DT00385,1/20/18,2018,01,Q1,DT00385
DT00386,1/21/18,2018,01,Q1,DT00386
DT00387,1/22/18,2018,01,Q1,DT00387
DT00388,1/23/18,2018,01,Q1,DT00388
DT00389,1/24/18,2018,01,Q1,DT00389
DT00390,1/25/18,2018,01,Q1,DT00390
DT00391,1/26/18,2018,01,Q1,DT00391
DT00392,1/27/18,2018,01,Q1,DT00392
DT00393,1/28/18,2018,01,Q1,DT00393
DT00394,1/29/18,2018,01,Q1,DT00394
DT00395,1/30/18,2018,01,Q1,DT00395
DT00396,1/31/18,2018,01,Q1,DT00396
DT00397,2/1/18,2018,02,Q1,DT00397
DT00398,2/2/18,2018,02,Q1,DT00398
DT00399,2/3/18,2018,02,Q1,DT00399
DT00400,2/4/18,2018,02,Q1,DT00400
DT00401,2/5/18,2018,02,Q1,DT00401
DT00402,2/6/18,2018,02,Q1,DT00402
DT00403,2/7/18,2018,02,Q1,DT00403
DT00404,2/8/18,2018,02,Q1,DT00404
DT00405,2/9/18,2018,02,Q1,DT00405
DT00406,2/10/18,2018,02,Q1,DT00406
DT00407,2/11/18,2018,02,Q1,DT00407
DT00408,2/12/18,2018,02,Q1,DT00408
DT00409,2/13/18,2018,02,Q1,DT00409
DT00410,2/14/18,2018,02,Q1,DT00410
DT00411,2/15/18,2018,02,Q1,DT00411
DT00412,2/16/18,2018,02,Q1,DT00412
DT00413,2/17/18,2018,02,Q1,DT00413
DT00414,2/18/18,2018,02,Q1,DT00414
DT00415,2/19/18,2018,02,Q1,DT00415
DT00416,2/20/18,2018,02,Q1,DT00416
DT00417,2/21/18,2018,02,Q1,DT00417
DT00418,2/22/18,2018,02,Q1,DT00418
DT00419,2/23/18,2018,02,Q1,DT00419
DT00420,2/24/18,2018,02,Q1,DT00420
DT00421,2/25/18,2018,02,Q1,DT00421
DT00422,2/26/18,2018,02,Q1,DT00422
DT00423,2/27/18,2018,02,Q1,DT00423
DT00424,2/28/18,2018,02,Q1,DT00424
DT00425,3/1/18,2018,03,Q1,DT00425
DT00426,3/2/18,2018,03,Q1,DT00426
DT00427,3/3/18,2018,03,Q1,DT00427
DT00428,3/4/18,2018,03,Q1,DT00428
DT00429,3/5/18,2018,03,Q1,DT00429
DT00430,3/6/18,2018,03,Q1,DT00430
DT00431,3/7/18,2018,03,Q1,DT00431
DT00432,3/8/18,2018,03,Q1,DT00432
DT00433,3/9/18,2018,03,Q1,DT00433
DT00434,3/10/18,2018,03,Q1,DT00434
DT00435,3/11/18,2018,03,Q1,DT00435
DT00436,3/12/18,2018,03,Q1,DT00436
DT00437,3/13/18,2018,03,Q1,DT00437
DT00438,3/14/18,2018,03,Q1,DT00438
DT00439,3/15/18,2018,03,Q1,DT00439
DT00440,3/16/18,2018,03,Q1,DT00440
DT00441,3/17/18,2018,03,Q1,DT00441
DT00442,3/18/18,2018,03,Q1,DT00442
DT00443,3/19/18,2018,03,Q1,DT00443
DT00444,3/20/18,2018,03,Q1,DT00444
DT00445,3/21/18,2018,03,Q1,DT00445
DT00446,3/22/18,2018,03,Q1,DT00446
DT00447,3/23/18,2018,03,Q1,DT00447
DT00448,3/24/18,2018,03,Q1,DT00448
DT00449,3/25/18,2018,03,Q1,DT00449
DT00450,3/26/18,2018,03,Q1,DT00450
DT00451,3/27/18,2018,03,Q1,DT00451
DT00452,3/28/18,2018,03,Q1,DT00452
DT00453,3/29/18,2018,03,Q1,DT00453
DT00454,3/30/18,2018,03,Q1,DT00454
DT00455,3/31/18,2018,03,Q1,DT00455
DT00456,4/1/18,2018,04,Q2,DT00456
DT00457,4/2/18,2018,04,Q2,DT00457
DT00458,4/3/18,2018,04,Q2,DT00458
DT00459,4/4/18,2018,04,Q2,DT00459
DT00460,4/5/18,2018,04,Q2,DT00460
DT00461,4/6/18,2018,04,Q2,DT00461
DT00462,4/7/18,2018,04,Q2,DT00462
DT00463,4/8/18,2018,04,Q2,DT00463
DT00464,4/9/18,2018,04,Q2,DT00464
DT00465,4/10/18,2018,04,Q2,DT00465
DT00466,4/11/18,2018,04,Q2,DT00466
DT00467,4/12/18,2018,04,Q2,DT00467
DT00468,4/13/18,2018,04,Q2,DT00468
DT00469,4/14/18,2018,04,Q2,DT00469
DT00470,4/15/18,2018,04,Q2,DT00470
DT00471,4/16/18,2018,04,Q2,DT00471
DT00472,4/17/18,2018,04,Q2,DT00472
DT00473,4/18/18,2018,04,Q2,DT00473
DT00474,4/19/18,2018,04,Q2,DT00474
DT00475,4/20/18,2018,04,Q2,DT00475
DT00476,4/21/18,2018,04,Q2,DT00476
DT00477,4/22/18,2018,04,Q2,DT00477
DT00478,4/23/18,2018,04,Q2,DT00478
DT00479,4/24/18,2018,04,Q2,DT00479
DT00480,4/25/18,2018,04,Q2,DT00480
DT00481,4/26/18,2018,04,Q2,DT00481
DT00482,4/27/18,2018,04,Q2,DT00482
DT00483,4/28/18,2018,04,Q2,DT00483
DT00484,4/29/18,2018,04,Q2,DT00484
DT00485,4/30/18,2018,04,Q2,DT00485
DT00486,5/1/18,2018,05,Q2,DT00486
DT00487,5/2/18,2018,05,Q2,DT00487
DT00488,5/3/18,2018,05,Q2,DT00488
DT00489,5/4/18,2018,05,Q2,DT00489
DT00490,5/5/18,2018,05,Q2,DT00490
DT00491,5/6/18,2018,05,Q2,DT00491
DT00492,5/7/18,2018,05,Q2,DT00492
DT00493,5/8/18,2018,05,Q2,DT00493
DT00494,5/9/18,2018,05,Q2,DT00494
DT00495,5/10/18,2018,05,Q2,DT00495
DT00496,5/11/18,2018,05,Q2,DT00496
DT00497,5/12/18,2018,05,Q2,DT00497
DT00498,5/13/18,2018,05,Q2,DT00498
DT00499,5/14/18,2018,05,Q2,DT00499
DT00500,5/15/18,2018,05,Q2,DT00500
DT00501,5/16/18,2018,05,Q2,DT00501
DT00502,5/17/18,2018,05,Q2,DT00502
DT00503,5/18/18,2018,05,Q2,DT00503
DT00504,5/19/18,2018,05,Q2,DT00504
DT00505,5/20/18,2018,05,Q2,DT00505
DT00506,5/21/18,2018,05,Q2,DT00506
DT00507,5/22/18,2018,05,Q2,DT00507
DT00508,5/23/18,2018,05,Q2,DT00508
DT00509,5/24/18,2018,05,Q2,DT00509
DT00510,5/25/18,2018,05,Q2,DT00510
DT00511,5/26/18,2018,05,Q2,DT00511
DT00512,5/27/18,2018,05,Q2,DT00512
DT00513,5/28/18,2018,05,Q2,DT00513
DT00514,5/29/18,2018,05,Q2,DT00514
DT00515,5/30/18,2018,05,Q2,DT00515
DT00516,5/31/18,2018,05,Q2,DT00516
DT00517,6/1/18,2018,06,Q2,DT00517
DT00518,6/2/18,2018,06,Q2,DT00518
DT00519,6/3/18,2018,06,Q2,DT00519
DT00520,6/4/18,2018,06,Q2,DT00520
DT00521,6/5/18,2018,06,Q2,DT00521
DT00522,6/6/18,2018,06,Q2,DT00522
DT00523,6/7/18,2018,06,Q2,DT00523
DT00524,6/8/18,2018,06,Q2,DT00524
DT00525,6/9/18,2018,06,Q2,DT00525
DT00526,6/10/18,2018,06,Q2,DT00526
DT00527,6/11/18,2018,06,Q2,DT00527
DT00528,6/12/18,2018,06,Q2,DT00528
DT00529,6/13/18,2018,06,Q2,DT00529
DT00530,6/14/18,2018,06,Q2,DT00530
DT00531,6/15/18,2018,06,Q2,DT00531
DT00532,6/16/18,2018,06,Q2,DT00532
DT00533,6/17/18,2018,06,Q2,DT00533
DT00534,6/18/18,2018,06,Q2,DT00534
DT00535,6/19/18,2018,06,Q2,DT00535
DT00536,6/20/18,2018,06,Q2,DT00536
DT00537,6/21/18,2018,06,Q2,DT00537
DT00538,6/22/18,2018,06,Q2,DT00538
DT00539,6/23/18,2018,06,Q2,DT00539
DT00540,6/24/18,2018,06,Q2,DT00540
DT00541,6/25/18,2018,06,Q2,DT00541
DT00542,6/26/18,2018,06,Q2,DT00542
DT00543,6/27/18,2018,06,Q2,DT00543
DT00544,6/28/18,2018,06,Q2,DT00544
DT00545,6/29/18,2018,06,Q2,DT00545
DT00546,6/30/18,2018,06,Q2,DT00546
DT00547,7/1/18,2018,07,Q3,DT00547
DT00548,7/2/18,2018,07,Q3,DT00548
DT00549,7/3/18,2018,07,Q3,DT00549
DT00550,7/4/18,2018,07,Q3,DT00550
DT00551,7/5/18,2018,07,Q3,DT00551
DT00552,7/6/18,2018,07,Q3,DT00552
DT00553,7/7/18,2018,07,Q3,DT00553
DT00554,7/8/18,2018,07,Q3,DT00554
DT00555,7/9/18,2018,07,Q3,DT00555
DT00556,7/10/18,2018,07,Q3,DT00556
DT00557,7/11/18,2018,07,Q3,DT00557
DT00558,7/12/18,2018,07,Q3,DT00558
DT00559,7/13/18,2018,07,Q3,DT00559
DT00560,7/14/18,2018,07,Q3,DT00560
DT00561,7/15/18,2018,07,Q3,DT00561
DT00562,7/16/18,2018,07,Q3,DT00562
DT00563,7/17/18,2018,07,Q3,DT00563
DT00564,7/18/18,2018,07,Q3,DT00564
DT00565,7/19/18,2018,07,Q3,DT00565
DT00566,7/20/18,2018,07,Q3,DT00566
DT00567,7/21/18,2018,07,Q3,DT00567
DT00568,7/22/18,2018,07,Q3,DT00568
DT00569,7/23/18,2018,07,Q3,DT00569
DT00570,7/24/18,2018,07,Q3,DT00570
DT00571,7/25/18,2018,07,Q3,DT00571
DT00572,7/26/18,2018,07,Q3,DT00572
DT00573,7/27/18,2018,07,Q3,DT00573
DT00574,7/28/18,2018,07,Q3,DT00574
DT00575,7/29/18,2018,07,Q3,DT00575
DT00576,7/30/18,2018,07,Q3,DT00576
DT00577,7/31/18,2018,07,Q3,DT00577
DT00578,8/1/18,2018,08,Q3,DT00578
DT00579,8/2/18,2018,08,Q3,DT00579
DT00580,8/3/18,2018,08,Q3,DT00580
DT00581,8/4/18,2018,08,Q3,DT00581
DT00582,8/5/18,2018,08,Q3,DT00582
DT00583,8/6/18,2018,08,Q3,DT00583
DT00584,8/7/18,2018,08,Q3,DT00584
DT00585,8/8/18,2018,08,Q3,DT00585
DT00586,8/9/18,2018,08,Q3,DT00586
DT00587,8/10/18,2018,08,Q3,DT00587
DT00588,8/11/18,2018,08,Q3,DT00588
DT00589,8/12/18,2018,08,Q3,DT00589
DT00590,8/13/18,2018,08,Q3,DT00590
DT00591,8/14/18,2018,08,Q3,DT00591
DT00592,8/15/18,2018,08,Q3,DT00592
DT00593,8/16/18,2018,08,Q3,DT00593
DT00594,8/17/18,2018,08,Q3,DT00594
DT00595,8/18/18,2018,08,Q3,DT00595
DT00596,8/19/18,2018,08,Q3,DT00596
DT00597,8/20/18,2018,08,Q3,DT00597
DT00598,8/21/18,2018,08,Q3,DT00598
DT00599,8/22/18,2018,08,Q3,DT00599
DT00600,8/23/18,2018,08,Q3,DT00600
DT00601,8/24/18,2018,08,Q3,DT00601
DT00602,8/25/18,2018,08,Q3,DT00602
DT00603,8/26/18,2018,08,Q3,DT00603
DT00604,8/27/18,2018,08,Q3,DT00604
DT00605,8/28/18,2018,08,Q3,DT00605
DT00606,8/29/18,2018,08,Q3,DT00606
DT00607,8/30/18,2018,08,Q3,DT00607
DT00608,8/31/18,2018,08,Q3,DT00608
DT00609,9/1/18,2018,09,Q3,DT00609
DT00610,9/2/18,2018,09,Q3,DT00610
DT00611,9/3/18,2018,09,Q3,DT00611
DT00612,9/4/18,2018,09,Q3,DT00612
DT00613,9/5/18,2018,09,Q3,DT00613
DT00614,9/6/18,2018,09,Q3,DT00614
DT00615,9/7/18,2018,09,Q3,DT00615
DT00616,9/8/18,2018,09,Q3,DT00616
DT00617,9/9/18,2018,09,Q3,DT00617
DT00618,9/10/18,2018,09,Q3,DT00618
DT00619,9/11/18,2018,09,Q3,DT00619
DT00620,9/12/18,2018,09,Q3,DT00620
DT00621,9/13/18,2018,09,Q3,DT00621
DT00622,9/14/18,2018,09,Q3,DT00622
DT00623,9/15/18,2018,09,Q3,DT00623
DT00624,9/16/18,2018,09,Q3,DT00624
DT00625,9/17/18,2018,09,Q3,DT00625
DT00626,9/18/18,2018,09,Q3,DT00626
DT00627,9/19/18,2018,09,Q3,DT00627
DT00628,9/20/18,2018,09,Q3,DT00628
DT00629,9/21/18,2018,09,Q3,DT00629
DT00630,9/22/18,2018,09,Q3,DT00630
DT00631,9/23/18,2018,09,Q3,DT00631
DT00632,9/24/18,2018,09,Q3,DT00632
DT00633,9/25/18,2018,09,Q3,DT00633
DT00634,9/26/18,2018,09,Q3,DT00634
DT00635,9/27/18,2018,09,Q3,DT00635
DT00636,9/28/18,2018,09,Q3,DT00636
DT00637,9/29/18,2018,09,Q3,DT00637
DT00638,9/30/18,2018,09,Q3,DT00638
DT00639,10/1/18,2018,10,Q4,DT00639
DT00640,10/2/18,2018,10,Q4,DT00640
DT00641,10/3/18,2018,10,Q4,DT00641
DT00642,10/4/18,2018,10,Q4,DT00642
DT00643,10/5/18,2018,10,Q4,DT00643
DT00644,10/6/18,2018,10,Q4,DT00644
DT00645,10/7/18,2018,10,Q4,DT00645
DT00646,10/8/18,2018,10,Q4,DT00646
DT00647,10/9/18,2018,10,Q4,DT00647
DT00648,10/10/18,2018,10,Q4,DT00648
DT00649,10/11/18,2018,10,Q4,DT00649
DT00650,10/12/18,2018,10,Q4,DT00650
DT00651,10/13/18,2018,10,Q4,DT00651
DT00652,10/14/18,2018,10,Q4,DT00652
DT00653,10/15/18,2018,10,Q4,DT00653
DT00654,10/16/18,2018,10,Q4,DT00654
DT00655,10/17/18,2018,10,Q4,DT00655
DT00656,10/18/18,2018,10,Q4,DT00656
DT00657,10/19/18,2018,10,Q4,DT00657
DT00658,10/20/18,2018,10,Q4,DT00658
DT00659,10/21/18,2018,10,Q4,DT00659
DT00660,10/22/18,2018,10,Q4,DT00660
DT00661,10/23/18,2018,10,Q4,DT00661
DT00662,10/24/18,2018,10,Q4,DT00662
DT00663,10/25/18,2018,10,Q4,DT00663
DT00664,10/26/18,2018,10,Q4,DT00664
DT00665,10/27/18,2018,10,Q4,DT00665
DT00666,10/28/18,2018,10,Q4,DT00666
DT00667,10/29/18,2018,10,Q4,DT00667
DT00668,10/30/18,2018,10,Q4,DT00668
DT00669,10/31/18,2018,10,Q4,DT00669
DT00670,11/1/18,2018,11,Q4,DT00670
DT00671,11/2/18,2018,11,Q4,DT00671
DT00672,11/3/18,2018,11,Q4,DT00672
DT00673,11/4/18,2018,11,Q4,DT00673
DT00674,11/5/18,2018,11,Q4,DT00674
DT00675,11/6/18,2018,11,Q4,DT00675
DT00676,11/7/18,2018,11,Q4,DT00676
DT00677,11/8/18,2018,11,Q4,DT00677
DT00678,11/9/18,2018,11,Q4,DT00678
DT00679,11/10/18,2018,11,Q4,DT00679
DT00680,11/11/18,2018,11,Q4,DT00680
DT00681,11/12/18,2018,11,Q4,DT00681
DT00682,11/13/18,2018,11,Q4,DT00682
DT00683,11/14/18,2018,11,Q4,DT00683
DT00684,11/15/18,2018,11,Q4,DT00684
DT00685,11/16/18,2018,11,Q4,DT00685
DT00686,11/17/18,2018,11,Q4,DT00686
DT00687,11/18/18,2018,11,Q4,DT00687
DT00688,11/19/18,2018,11,Q4,DT00688
DT00689,11/20/18,2018,11,Q4,DT00689
DT00690,11/21/18,2018,11,Q4,DT00690
DT00691,11/22/18,2018,11,Q4,DT00691
DT00692,11/23/18,2018,11,Q4,DT00692
DT00693,11/24/18,2018,11,Q4,DT00693
DT00694,11/25/18,2018,11,Q4,DT00694
DT00695,11/26/18,2018,11,Q4,DT00695
DT00696,11/27/18,2018,11,Q4,DT00696
DT00697,11/28/18,2018,11,Q4,DT00697
DT00698,11/29/18,2018,11,Q4,DT00698
DT00699,11/30/18,2018,11,Q4,DT00699
DT00700,12/1/18,2018,12,Q4,DT00700
DT00701,12/2/18,2018,12,Q4,DT00701
DT00702,12/3/18,2018,12,Q4,DT00702
DT00703,12/4/18,2018,12,Q4,DT00703
DT00704,12/5/18,2018,12,Q4,DT00704
DT00705,12/6/18,2018,12,Q4,DT00705
DT00706,12/7/18,2018,12,Q4,DT00706
DT00707,12/8/18,2018,12,Q4,DT00707
DT00708,12/9/18,2018,12,Q4,DT00708
DT00709,12/10/18,2018,12,Q4,DT00709
DT00710,12/11/18,2018,12,Q4,DT00710
DT00711,12/12/18,2018,12,Q4,DT00711
DT00712,12/13/18,2018,12,Q4,DT00712
DT00713,12/14/18,2018,12,Q4,DT00713
DT00714,12/15/18,2018,12,Q4,DT00714
DT00715,12/16/18,2018,12,Q4,DT00715
DT00716,12/17/18,2018,12,Q4,DT00716
DT00717,12/18/18,2018,12,Q4,DT00717
DT00718,12/19/18,2018,12,Q4,DT00718
DT00719,12/20/18,2018,12,Q4,DT00719
DT00720,12/21/18,2018,12,Q4,DT00720
DT00721,12/22/18,2018,12,Q4,DT00721
DT00722,12/23/18,2018,12,Q4,DT00722
DT00723,12/24/18,2018,12,Q4,DT00723
DT00724,12/25/18,2018,12,Q4,DT00724
DT00725,12/26/18,2018,12,Q4,DT00725
DT00726,12/27/18,2018,12,Q4,DT00726
DT00727,12/28/18,2018,12,Q4,DT00727
DT00728,12/29/18,2018,12,Q4,DT00728
DT00729,12/30/18,2018,12,Q4,DT00729
DT00730,12/31/18,2018,12,Q4,DT00730
DT00731,1/1/19,2019,01,Q1,DT00731
DT00732,1/2/19,2019,01,Q1,DT00732
DT00733,1/3/19,2019,01,Q1,DT00733
DT00734,1/4/19,2019,01,Q1,DT00734
DT00735,1/5/19,2019,01,Q1,DT00735
DT00736,1/6/19,2019,01,Q1,DT00736
DT00737,1/7/19,2019,01,Q1,DT00737
DT00738,1/8/19,2019,01,Q1,DT00738
DT00739,1/9/19,2019,01,Q1,DT00739
DT00740,1/10/19,2019,01,Q1,DT00740
DT00741,1/11/19,2019,01,Q1,DT00741
DT00742,1/12/19,2019,01,Q1,DT00742
DT00743,1/13/19,2019,01,Q1,DT00743
DT00744,1/14/19,2019,01,Q1,DT00744
DT00745,1/15/19,2019,01,Q1,DT00745
DT00746,1/16/19,2019,01,Q1,DT00746
DT00747,1/17/19,2019,01,Q1,DT00747
DT00748,1/18/19,2019,01,Q1,DT00748
DT00749,1/19/19,2019,01,Q1,DT00749
DT00750,1/20/19,2019,01,Q1,DT00750
DT00751,1/21/19,2019,01,Q1,DT00751
DT00752,1/22/19,2019,01,Q1,DT00752
DT00753,1/23/19,2019,01,Q1,DT00753
DT00754,1/24/19,2019,01,Q1,DT00754
DT00755,1/25/19,2019,01,Q1,DT00755
DT00756,1/26/19,2019,01,Q1,DT00756
DT00757,1/27/19,2019,01,Q1,DT00757
DT00758,1/28/19,2019,01,Q1,DT00758
DT00759,1/29/19,2019,01,Q1,DT00759
DT00760,1/30/19,2019,01,Q1,DT00760
DT00761,1/31/19,2019,01,Q1,DT00761
DT00762,2/1/19,2019,02,Q1,DT00762
DT00763,2/2/19,2019,02,Q1,DT00763
DT00764,2/3/19,2019,02,Q1,DT00764
DT00765,2/4/19,2019,02,Q1,DT00765
DT00766,2/5/19,2019,02,Q1,DT00766
DT00767,2/6/19,2019,02,Q1,DT00767
DT00768,2/7/19,2019,02,Q1,DT00768
DT00769,2/8/19,2019,02,Q1,DT00769
DT00770,2/9/19,2019,02,Q1,DT00770
DT00771,2/10/19,2019,02,Q1,DT00771
DT00772,2/11/19,2019,02,Q1,DT00772
DT00773,2/12/19,2019,02,Q1,DT00773
DT00774,2/13/19,2019,02,Q1,DT00774
DT00775,2/14/19,2019,02,Q1,DT00775
DT00776,2/15/19,2019,02,Q1,DT00776
DT00777,2/16/19,2019,02,Q1,DT00777
DT00778,2/17/19,2019,02,Q1,DT00778
DT00779,2/18/19,2019,02,Q1,DT00779
DT00780,2/19/19,2019,02,Q1,DT00780
DT00781,2/20/19,2019,02,Q1,DT00781
DT00782,2/21/19,2019,02,Q1,DT00782
DT00783,2/22/19,2019,02,Q1,DT00783
DT00784,2/23/19,2019,02,Q1,DT00784
DT00785,2/24/19,2019,02,Q1,DT00785
DT00786,2/25/19,2019,02,Q1,DT00786
DT00787,2/26/19,2019,02,Q1,DT00787
DT00788,2/27/19,2019,02,Q1,DT00788
DT00789,2/28/19,2019,02,Q1,DT00789
DT00790,3/1/19,2019,03,Q1,DT00790
DT00791,3/2/19,2019,03,Q1,DT00791
DT00792,3/3/19,2019,03,Q1,DT00792
DT00793,3/4/19,2019,03,Q1,DT00793
DT00794,3/5/19,2019,03,Q1,DT00794
DT00795,3/6/19,2019,03,Q1,DT00795
DT00796,3/7/19,2019,03,Q1,DT00796
DT00797,3/8/19,2019,03,Q1,DT00797
DT00798,3/9/19,2019,03,Q1,DT00798
DT00799,3/10/19,2019,03,Q1,DT00799
DT00800,3/11/19,2019,03,Q1,DT00800
DT00801,3/12/19,2019,03,Q1,DT00801
DT00802,3/13/19,2019,03,Q1,DT00802
DT00803,3/14/19,2019,03,Q1,DT00803
DT00804,3/15/19,2019,03,Q1,DT00804
DT00805,3/16/19,2019,03,Q1,DT00805
DT00806,3/17/19,2019,03,Q1,DT00806
DT00807,3/18/19,2019,03,Q1,DT00807
DT00808,3/19/19,2019,03,Q1,DT00808
DT00809,3/20/19,2019,03,Q1,DT00809
DT00810,3/21/19,2019,03,Q1,DT00810
DT00811,3/22/19,2019,03,Q1,DT00811
DT00812,3/23/19,2019,03,Q1,DT00812
DT00813,3/24/19,2019,03,Q1,DT00813
DT00814,3/25/19,2019,03,Q1,DT00814
DT00815,3/26/19,2019,03,Q1,DT00815
DT00816,3/27/19,2019,03,Q1,DT00816
DT00817,3/28/19,2019,03,Q1,DT00817
DT00818,3/29/19,2019,03,Q1,DT00818
DT00819,3/30/19,2019,03,Q1,DT00819
DT00820,3/31/19,2019,03,Q1,DT00820
DT00821,4/1/19,2019,04,Q2,DT00821
DT00822,4/2/19,2019,04,Q2,DT00822
DT00823,4/3/19,2019,04,Q2,DT00823
DT00824,4/4/19,2019,04,Q2,DT00824
DT00825,4/5/19,2019,04,Q2,DT00825
DT00826,4/6/19,2019,04,Q2,DT00826
DT00827,4/7/19,2019,04,Q2,DT00827
DT00828,4/8/19,2019,04,Q2,DT00828
DT00829,4/9/19,2019,04,Q2,DT00829
DT00830,4/10/19,2019,04,Q2,DT00830
DT00831,4/11/19,2019,04,Q2,DT00831
DT00832,4/12/19,2019,04,Q2,DT00832
DT00833,4/13/19,2019,04,Q2,DT00833
DT00834,4/14/19,2019,04,Q2,DT00834
DT00835,4/15/19,2019,04,Q2,DT00835
DT00836,4/16/19,2019,04,Q2,DT00836
DT00837,4/17/19,2019,04,Q2,DT00837
DT00838,4/18/19,2019,04,Q2,DT00838
DT00839,4/19/19,2019,04,Q2,DT00839
DT00840,4/20/19,2019,04,Q2,DT00840
DT00841,4/21/19,2019,04,Q2,DT00841
DT00842,4/22/19,2019,04,Q2,DT00842
DT00843,4/23/19,2019,04,Q2,DT00843
DT00844,4/24/19,2019,04,Q2,DT00844
DT00845,4/25/19,2019,04,Q2,DT00845
DT00846,4/26/19,2019,04,Q2,DT00846
DT00847,4/27/19,2019,04,Q2,DT00847
DT00848,4/28/19,2019,04,Q2,DT00848
DT00849,4/29/19,2019,04,Q2,DT00849
DT00850,4/30/19,2019,04,Q2,DT00850
DT00851,5/1/19,2019,05,Q2,DT00851
DT00852,5/2/19,2019,05,Q2,DT00852
DT00853,5/3/19,2019,05,Q2,DT00853
DT00854,5/4/19,2019,05,Q2,DT00854
DT00855,5/5/19,2019,05,Q2,DT00855
DT00856,5/6/19,2019,05,Q2,DT00856
DT00857,5/7/19,2019,05,Q2,DT00857
DT00858,5/8/19,2019,05,Q2,DT00858
DT00859,5/9/19,2019,05,Q2,DT00859
DT00860,5/10/19,2019,05,Q2,DT00860
DT00861,5/11/19,2019,05,Q2,DT00861
DT00862,5/12/19,2019,05,Q2,DT00862
DT00863,5/13/19,2019,05,Q2,DT00863
DT00864,5/14/19,2019,05,Q2,DT00864
DT00865,5/15/19,2019,05,Q2,DT00865
DT00866,5/16/19,2019,05,Q2,DT00866
DT00867,5/17/19,2019,05,Q2,DT00867
DT00868,5/18/19,2019,05,Q2,DT00868
DT00869,5/19/19,2019,05,Q2,DT00869
DT00870,5/20/19,2019,05,Q2,DT00870
DT00871,5/21/19,2019,05,Q2,DT00871
DT00872,5/22/19,2019,05,Q2,DT00872
DT00873,5/23/19,2019,05,Q2,DT00873
DT00874,5/24/19,2019,05,Q2,DT00874
DT00875,5/25/19,2019,05,Q2,DT00875
DT00876,5/26/19,2019,05,Q2,DT00876
DT00877,5/27/19,2019,05,Q2,DT00877
DT00878,5/28/19,2019,05,Q2,DT00878
DT00879,5/29/19,2019,05,Q2,DT00879
DT00880,5/30/19,2019,05,Q2,DT00880
DT00881,5/31/19,2019,05,Q2,DT00881
DT00882,6/1/19,2019,06,Q2,DT00882
DT00883,6/2/19,2019,06,Q2,DT00883
DT00884,6/3/19,2019,06,Q2,DT00884
DT00885,6/4/19,2019,06,Q2,DT00885
DT00886,6/5/19,2019,06,Q2,DT00886
DT00887,6/6/19,2019,06,Q2,DT00887
DT00888,6/7/19,2019,06,Q2,DT00888
DT00889,6/8/19,2019,06,Q2,DT00889
DT00890,6/9/19,2019,06,Q2,DT00890
DT00891,6/10/19,2019,06,Q2,DT00891
DT00892,6/11/19,2019,06,Q2,DT00892
DT00893,6/12/19,2019,06,Q2,DT00893
DT00894,6/13/19,2019,06,Q2,DT00894
DT00895,6/14/19,2019,06,Q2,DT00895
DT00896,6/15/19,2019,06,Q2,DT00896
DT00897,6/16/19,2019,06,Q2,DT00897
DT00898,6/17/19,2019,06,Q2,DT00898
DT00899,6/18/19,2019,06,Q2,DT00899
DT00900,6/19/19,2019,06,Q2,DT00900
DT00901,6/20/19,2019,06,Q2,DT00901
DT00902,6/21/19,2019,06,Q2,DT00902
DT00903,6/22/19,2019,06,Q2,DT00903
DT00904,6/23/19,2019,06,Q2,DT00904
DT00905,6/24/19,2019,06,Q2,DT00905
DT00906,6/25/19,2019,06,Q2,DT00906
DT00907,6/26/19,2019,06,Q2,DT00907
DT00908,6/27/19,2019,06,Q2,DT00908
DT00909,6/28/19,2019,06,Q2,DT00909
DT00910,6/29/19,2019,06,Q2,DT00910
DT00911,6/30/19,2019,06,Q2,DT00911
DT00912,7/1/19,2019,07,Q3,DT00912
DT00913,7/2/19,2019,07,Q3,DT00913
DT00914,7/3/19,2019,07,Q3,DT00914
DT00915,7/4/19,2019,07,Q3,DT00915
DT00916,7/5/19,2019,07,Q3,DT00916
DT00917,7/6/19,2019,07,Q3,DT00917
DT00918,7/7/19,2019,07,Q3,DT00918
DT00919,7/8/19,2019,07,Q3,DT00919
DT00920,7/9/19,2019,07,Q3,DT00920
DT00921,7/10/19,2019,07,Q3,DT00921
DT00922,7/11/19,2019,07,Q3,DT00922
DT00923,7/12/19,2019,07,Q3,DT00923
DT00924,7/13/19,2019,07,Q3,DT00924
DT00925,7/14/19,2019,07,Q3,DT00925
DT00926,7/15/19,2019,07,Q3,DT00926
DT00927,7/16/19,2019,07,Q3,DT00927
DT00928,7/17/19,2019,07,Q3,DT00928
DT00929,7/18/19,2019,07,Q3,DT00929
DT00930,7/19/19,2019,07,Q3,DT00930
DT00931,7/20/19,2019,07,Q3,DT00931
DT00932,7/21/19,2019,07,Q3,DT00932
DT00933,7/22/19,2019,07,Q3,DT00933
DT00934,7/23/19,2019,07,Q3,DT00934
DT00935,7/24/19,2019,07,Q3,DT00935
DT00936,7/25/19,2019,07,Q3,DT00936
DT00937,7/26/19,2019,07,Q3,DT00937
DT00938,7/27/19,2019,07,Q3,DT00938
DT00939,7/28/19,2019,07,Q3,DT00939
DT00940,7/29/19,2019,07,Q3,DT00940
DT00941,7/30/19,2019,07,Q3,DT00941
DT00942,7/31/19,2019,07,Q3,DT00942
DT00943,8/1/19,2019,08,Q3,DT00943
DT00944,8/2/19,2019,08,Q3,DT00944
DT00945,8/3/19,2019,08,Q3,DT00945
DT00946,8/4/19,2019,08,Q3,DT00946
DT00947,8/5/19,2019,08,Q3,DT00947
DT00948,8/6/19,2019,08,Q3,DT00948
DT00949,8/7/19,2019,08,Q3,DT00949
DT00950,8/8/19,2019,08,Q3,DT00950
DT00951,8/9/19,2019,08,Q3,DT00951
DT00952,8/10/19,2019,08,Q3,DT00952
DT00953,8/11/19,2019,08,Q3,DT00953
DT00954,8/12/19,2019,08,Q3,DT00954
DT00955,8/13/19,2019,08,Q3,DT00955
DT00956,8/14/19,2019,08,Q3,DT00956
DT00957,8/15/19,2019,08,Q3,DT00957
DT00958,8/16/19,2019,08,Q3,DT00958
DT00959,8/17/19,2019,08,Q3,DT00959
DT00960,8/18/19,2019,08,Q3,DT00960
DT00961,8/19/19,2019,08,Q3,DT00961
DT00962,8/20/19,2019,08,Q3,DT00962
DT00963,8/21/19,2019,08,Q3,DT00963
DT00964,8/22/19,2019,08,Q3,DT00964
DT00965,8/23/19,2019,08,Q3,DT00965
DT00966,8/24/19,2019,08,Q3,DT00966
DT00967,8/25/19,2019,08,Q3,DT00967
DT00968,8/26/19,2019,08,Q3,DT00968
DT00969,8/27/19,2019,08,Q3,DT00969
DT00970,8/28/19,2019,08,Q3,DT00970
DT00971,8/29/19,2019,08,Q3,DT00971
DT00972,8/30/19,2019,08,Q3,DT00972
DT00973,8/31/19,2019,08,Q3,DT00973
DT00974,9/1/19,2019,09,Q3,DT00974
DT00975,9/2/19,2019,09,Q3,DT00975
DT00976,9/3/19,2019,09,Q3,DT00976
DT00977,9/4/19,2019,09,Q3,DT00977
DT00978,9/5/19,2019,09,Q3,DT00978
DT00979,9/6/19,2019,09,Q3,DT00979
DT00980,9/7/19,2019,09,Q3,DT00980
DT00981,9/8/19,2019,09,Q3,DT00981
DT00982,9/9/19,2019,09,Q3,DT00982
DT00983,9/10/19,2019,09,Q3,DT00983
DT00984,9/11/19,2019,09,Q3,DT00984
DT00985,9/12/19,2019,09,Q3,DT00985
DT00986,9/13/19,2019,09,Q3,DT00986
DT00987,9/14/19,2019,09,Q3,DT00987
DT00988,9/15/19,2019,09,Q3,DT00988
DT00989,9/16/19,2019,09,Q3,DT00989
DT00990,9/17/19,2019,09,Q3,DT00990
DT00991,9/18/19,2019,09,Q3,DT00991
DT00992,9/19/19,2019,09,Q3,DT00992
DT00993,9/20/19,2019,09,Q3,DT00993
DT00994,9/21/19,2019,09,Q3,DT00994
DT00995,9/22/19,2019,09,Q3,DT00995
DT00996,9/23/19,2019,09,Q3,DT00996
DT00997,9/24/19,2019,09,Q3,DT00997
DT00998,9/25/19,2019,09,Q3,DT00998
DT00999,9/26/19,2019,09,Q3,DT00999
DT01000,9/27/19,2019,09,Q3,DT01000
DT01001,9/28/19,2019,09,Q3,DT01001
DT01002,9/29/19,2019,09,Q3,DT01002
DT01003,9/30/19,2019,09,Q3,DT01003
DT01004,10/1/19,2019,10,Q4,DT01004
DT01005,10/2/19,2019,10,Q4,DT01005
DT01006,10/3/19,2019,10,Q4,DT01006
DT01007,10/4/19,2019,10,Q4,DT01007
DT01008,10/5/19,2019,10,Q4,DT01008
DT01009,10/6/19,2019,10,Q4,DT01009
DT01010,10/7/19,2019,10,Q4,DT01010
DT01011,10/8/19,2019,10,Q4,DT01011
DT01012,10/9/19,2019,10,Q4,DT01012
DT01013,10/10/19,2019,10,Q4,DT01013
DT01014,10/11/19,2019,10,Q4,DT01014
DT01015,10/12/19,2019,10,Q4,DT01015
DT01016,10/13/19,2019,10,Q4,DT01016
DT01017,10/14/19,2019,10,Q4,DT01017
DT01018,10/15/19,2019,10,Q4,DT01018
DT01019,10/16/19,2019,10,Q4,DT01019
DT01020,10/17/19,2019,10,Q4,DT01020
DT01021,10/18/19,2019,10,Q4,DT01021
DT01022,10/19/19,2019,10,Q4,DT01022
DT01023,10/20/19,2019,10,Q4,DT01023
DT01024,10/21/19,2019,10,Q4,DT01024
DT01025,10/22/19,2019,10,Q4,DT01025
DT01026,10/23/19,2019,10,Q4,DT01026
DT01027,10/24/19,2019,10,Q4,DT01027
DT01028,10/25/19,2019,10,Q4,DT01028
DT01029,10/26/19,2019,10,Q4,DT01029
DT01030,10/27/19,2019,10,Q4,DT01030
DT01031,10/28/19,2019,10,Q4,DT01031
DT01032,10/29/19,2019,10,Q4,DT01032
DT01033,10/30/19,2019,10,Q4,DT01033
DT01034,10/31/19,2019,10,Q4,DT01034
DT01035,11/1/19,2019,11,Q4,DT01035
DT01036,11/2/19,2019,11,Q4,DT01036
DT01037,11/3/19,2019,11,Q4,DT01037
DT01038,11/4/19,2019,11,Q4,DT01038
DT01039,11/5/19,2019,11,Q4,DT01039
DT01040,11/6/19,2019,11,Q4,DT01040
DT01041,11/7/19,2019,11,Q4,DT01041
DT01042,11/8/19,2019,11,Q4,DT01042
DT01043,11/9/19,2019,11,Q4,DT01043
DT01044,11/10/19,2019,11,Q4,DT01044
DT01045,11/11/19,2019,11,Q4,DT01045
DT01046,11/12/19,2019,11,Q4,DT01046
DT01047,11/13/19,2019,11,Q4,DT01047
DT01048,11/14/19,2019,11,Q4,DT01048
DT01049,11/15/19,2019,11,Q4,DT01049
DT01050,11/16/19,2019,11,Q4,DT01050
DT01051,11/17/19,2019,11,Q4,DT01051
DT01052,11/18/19,2019,11,Q4,DT01052
DT01053,11/19/19,2019,11,Q4,DT01053
DT01054,11/20/19,2019,11,Q4,DT01054
DT01055,11/21/19,2019,11,Q4,DT01055
DT01056,11/22/19,2019,11,Q4,DT01056
DT01057,11/23/19,2019,11,Q4,DT01057
DT01058,11/24/19,2019,11,Q4,DT01058
DT01059,11/25/19,2019,11,Q4,DT01059
DT01060,11/26/19,2019,11,Q4,DT01060
DT01061,11/27/19,2019,11,Q4,DT01061
DT01062,11/28/19,2019,11,Q4,DT01062
DT01063,11/29/19,2019,11,Q4,DT01063
DT01064,11/30/19,2019,11,Q4,DT01064
DT01065,12/1/19,2019,12,Q4,DT01065
DT01066,12/2/19,2019,12,Q4,DT01066
DT01067,12/3/19,2019,12,Q4,DT01067
DT01068,12/4/19,2019,12,Q4,DT01068
DT01069,12/5/19,2019,12,Q4,DT01069
DT01070,12/6/19,2019,12,Q4,DT01070
DT01071,12/7/19,2019,12,Q4,DT01071
DT01072,12/8/19,2019,12,Q4,DT01072
DT01073,12/9/19,2019,12,Q4,DT01073
DT01074,12/10/19,2019,12,Q4,DT01074
DT01075,12/11/19,2019,12,Q4,DT01075
DT01076,12/12/19,2019,12,Q4,DT01076
DT01077,12/13/19,2019,12,Q4,DT01077
DT01078,12/14/19,2019,12,Q4,DT01078
DT01079,12/15/19,2019,12,Q4,DT01079
DT01080,12/16/19,2019,12,Q4,DT01080
DT01081,12/17/19,2019,12,Q4,DT01081
DT01082,12/18/19,2019,12,Q4,DT01082
DT01083,12/19/19,2019,12,Q4,DT01083
DT01084,12/20/19,2019,12,Q4,DT01084
DT01085,12/21/19,2019,12,Q4,DT01085
DT01086,12/22/19,2019,12,Q4,DT01086
DT01087,12/23/19,2019,12,Q4,DT01087
DT01088,12/24/19,2019,12,Q4,DT01088
DT01089,12/25/19,2019,12,Q4,DT01089
DT01090,12/26/19,2019,12,Q4,DT01090
DT01091,12/27/19,2019,12,Q4,DT01091
DT01092,12/28/19,2019,12,Q4,DT01092
DT01093,12/29/19,2019,12,Q4,DT01093
DT01094,12/30/19,2019,12,Q4,DT01094
DT01095,12/31/19,2019,12,Q4,DT01095
DT01096,1/1/20,2020,01,Q1,DT01096
DT01097,1/2/20,2020,01,Q1,DT01097
DT01098,1/3/20,2020,01,Q1,DT01098
DT01099,1/4/20,2020,01,Q1,DT01099
DT01100,1/5/20,2020,01,Q1,DT01100
DT01101,1/6/20,2020,01,Q1,DT01101
DT01102,1/7/20,2020,01,Q1,DT01102
DT01103,1/8/20,2020,01,Q1,DT01103
DT01104,1/9/20,2020,01,Q1,DT01104
DT01105,1/10/20,2020,01,Q1,DT01105
DT01106,1/11/20,2020,01,Q1,DT01106
DT01107,1/12/20,2020,01,Q1,DT01107
DT01108,1/13/20,2020,01,Q1,DT01108
DT01109,1/14/20,2020,01,Q1,DT01109
DT01110,1/15/20,2020,01,Q1,DT01110
DT01111,1/16/20,2020,01,Q1,DT01111
DT01112,1/17/20,2020,01,Q1,DT01112
DT01113,1/18/20,2020,01,Q1,DT01113
DT01114,1/19/20,2020,01,Q1,DT01114
DT01115,1/20/20,2020,01,Q1,DT01115
DT01116,1/21/20,2020,01,Q1,DT01116
DT01117,1/22/20,2020,01,Q1,DT01117
DT01118,1/23/20,2020,01,Q1,DT01118
DT01119,1/24/20,2020,01,Q1,DT01119
DT01120,1/25/20,2020,01,Q1,DT01120
DT01121,1/26/20,2020,01,Q1,DT01121
DT01122,1/27/20,2020,01,Q1,DT01122
DT01123,1/28/20,2020,01,Q1,DT01123
DT01124,1/29/20,2020,01,Q1,DT01124
DT01125,1/30/20,2020,01,Q1,DT01125
DT01126,1/31/20,2020,01,Q1,DT01126
DT01127,2/1/20,2020,02,Q1,DT01127
DT01128,2/2/20,2020,02,Q1,DT01128
DT01129,2/3/20,2020,02,Q1,DT01129
DT01130,2/4/20,2020,02,Q1,DT01130
DT01131,2/5/20,2020,02,Q1,DT01131
DT01132,2/6/20,2020,02,Q1,DT01132
DT01133,2/7/20,2020,02,Q1,DT01133
DT01134,2/8/20,2020,02,Q1,DT01134
DT01135,2/9/20,2020,02,Q1,DT01135
DT01136,2/10/20,2020,02,Q1,DT01136
DT01137,2/11/20,2020,02,Q1,DT01137
DT01138,2/12/20,2020,02,Q1,DT01138
DT01139,2/13/20,2020,02,Q1,DT01139
DT01140,2/14/20,2020,02,Q1,DT01140
DT01141,2/15/20,2020,02,Q1,DT01141
DT01142,2/16/20,2020,02,Q1,DT01142
DT01143,2/17/20,2020,02,Q1,DT01143
DT01144,2/18/20,2020,02,Q1,DT01144
DT01145,2/19/20,2020,02,Q1,DT01145
DT01146,2/20/20,2020,02,Q1,DT01146
DT01147,2/21/20,2020,02,Q1,DT01147
DT01148,2/22/20,2020,02,Q1,DT01148
DT01149,2/23/20,2020,02,Q1,DT01149
DT01150,2/24/20,2020,02,Q1,DT01150
DT01151,2/25/20,2020,02,Q1,DT01151
DT01152,2/26/20,2020,02,Q1,DT01152
DT01153,2/27/20,2020,02,Q1,DT01153
DT01154,2/28/20,2020,02,Q1,DT01154
DT01155,2/29/20,2020,02,Q1,DT01155
DT01156,3/1/20,2020,03,Q1,DT01156
DT01157,3/2/20,2020,03,Q1,DT01157
DT01158,3/3/20,2020,03,Q1,DT01158
DT01159,3/4/20,2020,03,Q1,DT01159
DT01160,3/5/20,2020,03,Q1,DT01160
DT01161,3/6/20,2020,03,Q1,DT01161
DT01162,3/7/20,2020,03,Q1,DT01162
DT01163,3/8/20,2020,03,Q1,DT01163
DT01164,3/9/20,2020,03,Q1,DT01164
DT01165,3/10/20,2020,03,Q1,DT01165
DT01166,3/11/20,2020,03,Q1,DT01166
DT01167,3/12/20,2020,03,Q1,DT01167
DT01168,3/13/20,2020,03,Q1,DT01168
DT01169,3/14/20,2020,03,Q1,DT01169
DT01170,3/15/20,2020,03,Q1,DT01170
DT01171,3/16/20,2020,03,Q1,DT01171
DT01172,3/17/20,2020,03,Q1,DT01172
DT01173,3/18/20,2020,03,Q1,DT01173
DT01174,3/19/20,2020,03,Q1,DT01174
DT01175,3/20/20,2020,03,Q1,DT01175
DT01176,3/21/20,2020,03,Q1,DT01176
DT01177,3/22/20,2020,03,Q1,DT01177
DT01178,3/23/20,2020,03,Q1,DT01178
DT01179,3/24/20,2020,03,Q1,DT01179
DT01180,3/25/20,2020,03,Q1,DT01180
DT01181,3/26/20,2020,03,Q1,DT01181
DT01182,3/27/20,2020,03,Q1,DT01182
DT01183,3/28/20,2020,03,Q1,DT01183
DT01184,3/29/20,2020,03,Q1,DT01184
DT01185,3/30/20,2020,03,Q1,DT01185
DT01186,3/31/20,2020,03,Q1,DT01186
DT01187,4/1/20,2020,04,Q2,DT01187
DT01188,4/2/20,2020,04,Q2,DT01188
DT01189,4/3/20,2020,04,Q2,DT01189
DT01190,4/4/20,2020,04,Q2,DT01190
DT01191,4/5/20,2020,04,Q2,DT01191
DT01192,4/6/20,2020,04,Q2,DT01192
DT01193,4/7/20,2020,04,Q2,DT01193
DT01194,4/8/20,2020,04,Q2,DT01194
DT01195,4/9/20,2020,04,Q2,DT01195
DT01196,4/10/20,2020,04,Q2,DT01196
DT01197,4/11/20,2020,04,Q2,DT01197
DT01198,4/12/20,2020,04,Q2,DT01198
DT01199,4/13/20,2020,04,Q2,DT01199
DT01200,4/14/20,2020,04,Q2,DT01200
DT01201,4/15/20,2020,04,Q2,DT01201
DT01202,4/16/20,2020,04,Q2,DT01202
DT01203,4/17/20,2020,04,Q2,DT01203
DT01204,4/18/20,2020,04,Q2,DT01204
DT01205,4/19/20,2020,04,Q2,DT01205
DT01206,4/20/20,2020,04,Q2,DT01206
DT01207,4/21/20,2020,04,Q2,DT01207
DT01208,4/22/20,2020,04,Q2,DT01208
DT01209,4/23/20,2020,04,Q2,DT01209
DT01210,4/24/20,2020,04,Q2,DT01210
DT01211,4/25/20,2020,04,Q2,DT01211
DT01212,4/26/20,2020,04,Q2,DT01212
DT01213,4/27/20,2020,04,Q2,DT01213
DT01214,4/28/20,2020,04,Q2,DT01214
DT01215,4/29/20,2020,04,Q2,DT01215
DT01216,4/30/20,2020,04,Q2,DT01216
DT01217,5/1/20,2020,05,Q2,DT01217
DT01218,5/2/20,2020,05,Q2,DT01218
DT01219,5/3/20,2020,05,Q2,DT01219
DT01220,5/4/20,2020,05,Q2,DT01220
DT01221,5/5/20,2020,05,Q2,DT01221
DT01222,5/6/20,2020,05,Q2,DT01222
DT01223,5/7/20,2020,05,Q2,DT01223
DT01224,5/8/20,2020,05,Q2,DT01224
DT01225,5/9/20,2020,05,Q2,DT01225
DT01226,5/10/20,2020,05,Q2,DT01226
DT01227,5/11/20,2020,05,Q2,DT01227
DT01228,5/12/20,2020,05,Q2,DT01228
DT01229,5/13/20,2020,05,Q2,DT01229
DT01230,5/14/20,2020,05,Q2,DT01230
DT01231,5/15/20,2020,05,Q2,DT01231
DT01232,5/16/20,2020,05,Q2,DT01232
DT01233,5/17/20,2020,05,Q2,DT01233
DT01234,5/18/20,2020,05,Q2,DT01234
DT01235,5/19/20,2020,05,Q2,DT01235
DT01236,5/20/20,2020,05,Q2,DT01236
DT01237,5/21/20,2020,05,Q2,DT01237
DT01238,5/22/20,2020,05,Q2,DT01238
DT01239,5/23/20,2020,05,Q2,DT01239
DT01240,5/24/20,2020,05,Q2,DT01240
DT01241,5/25/20,2020,05,Q2,DT01241
DT01242,5/26/20,2020,05,Q2,DT01242
DT01243,5/27/20,2020,05,Q2,DT01243
DT01244,5/28/20,2020,05,Q2,DT01244
DT01245,5/29/20,2020,05,Q2,DT01245
DT01246,5/30/20,2020,05,Q2,DT01246
DT01247,5/31/20,2020,05,Q2,DT01247