Dealer_ID,Model_ID,Branch_ID,Date_ID,Units_Sold,Revenue
DLR0001,BMW-M1,BR0001,DT00001,2,13363978
DLR0002,BMW-M2,BR0011,DT00002,2,19979446
DLR0004,BMW-M4,BR0031,DT00004,3,18118773
DLR0005,BMW-M5,BR0041,DT00005,3,12322500
DLR0006,Mer-M6,BR0051,DT00006,1,1196976
DLR0007,Mer-M7,BR0061,DT00007,3,28254609
DLR0008,Mer-M8,BR0071,DT00008,1,6083151
DLR0009,Dod-M9,BR0081,DT00009,3,24665256
DLR0011,Jee-M11,BR0101,DT00011,3,8534145
DLR0012,Jee-M12,BR0111,DT00012,3,24760575
DLR0013,Jee-M13,BR0121,DT00013,1,3450696
DLR0016,For-M16,BR0151,DT00016,3,20974905
DLR0017,For-M17,BR0161,DT00017,1,2221530
DLR0018,For-M18,BR0171,DT00018,3,11329482
DLR0019,For-M19,BR0181,DT00019,3,7053423
DLR0020,For-M20,BR0191,DT00020,3,28232232
DLR0022,For-M22,BR0211,DT00022,1,5440414
DLR0023,For-M23,BR0221,DT00023,1,4988693
DLR0024,For-M24,BR0231,DT00024,1,7900452
DLR0026,For-M26,BR0251,DT00026,2,6866014
DLR0028,Lin-M28,BR0271,DT00028,1,6197509
DLR0030,Lin-M30,BR0291,DT00030,2,16295156
DLR0031,Bui-M31,BR0301,DT00031,1,6873658
DLR0032,Cad-M32,BR0311,DT00032,1,5221738
DLR0033,Cad-M33,BR0321,DT00033,1,3001169
DLR0034,Cad-M34,BR0331,DT00034,2,19425790
DLR0035,Cad-M35,BR0341,DT00035,3,15268707
DLR0036,Cad-M36,BR0351,DT00036,2,19737520
DLR0038,Cad-M38,BR0371,DT00038,2,7654362
DLR0039,Cad-M39,BR0381,DT00039,2,4722916
DLR0040,Che-M40,BR0391,DT00040,3,28009680
DLR0042,Che-M42,BR0411,DT00042,2,18106066
DLR0045,Che-M45,BR0441,DT00045,2,2907854
DLR0046,Che-M46,BR0451,DT00046,2,9805538
DLR0047,Che-M47,BR0461,DT00047,3,13362888
DLR0048,Che-M48,BR0471,DT00048,1,8198552
DLR0049,Che-M49,BR0481,DT00049,2,16954836
DLR0050,Che-M50,BR0491,DT00050,2,13123946
DLR0051,Che-M51,BR0501,DT00051,1,7896011
DLR0053,GMC-M53,BR0521,DT00053,2,12806852
DLR0054,GMC-M54,BR0531,DT00054,1,540801
DLR0056,GMC-M56,BR0551,DT00056,3,27851115
DLR0057,GMC-M57,BR0561,DT00057,3,25853679
DLR0059,Acu-M59,BR0581,DT00059,3,27157551
DLR0060,Acu-M60,BR0591,DT00060,1,7166549
DLR0061,Acu-M61,BR0601,DT00061,2,827032
DLR0062,Acu-M62,BR0611,DT00062,2,887358
DLR0063,Acu-M63,BR0621,DT00063,3,2376282
DLR0064,Hon-M64,BR0631,DT00064,2,6012624
DLR0065,Hon-M65,BR0641,DT00065,1,5149104
DLR0066,Hon-M66,BR0651,DT00066,3,20033082
DLR0067,Hon-M67,BR0661,DT00067,3,11657025
DLR0069,Hon-M69,BR0681,DT00069,3,29778390
DLR0070,Hon-M70,BR0691,DT00070,3,27882654
DLR0071,Hon-M71,BR0701,DT00071,3,19496403
DLR0072,Hyu-M72,BR0711,DT00072,1,3099601
DLR0073,Hyu-M73,BR0721,DT00073,2,10618472
DLR0074,Hyu-M74,BR0731,DT00074,1,9618594
DLR0075,Hyu-M75,BR0741,DT00075,3,28655037
DLR0076,Kia-M76,BR0751,DT00076,1,5033528
DLR0078,Kia-M78,BR0771,DT00078,1,9175180
DLR0079,Inf-M79,BR0781,DT00079,1,2505504
DLR0080,Nis-M80,BR0791,DT00080,2,1831088
DLR0081,Nis-M81,BR0801,DT00081,2,7650808
DLR0082,Nis-M82,BR0811,DT00082,1,6545996
DLR0085,Nis-M85,BR0841,DT00085,1,7548524
DLR0086,Nis-M86,BR0851,DT00086,3,24649203
DLR0087,Nis-M87,BR0861,DT00087,3,17799570
DLR0088,Nis-M88,BR0871,DT00088,2,6450024
DLR0089,Nis-M89,BR0881,DT00089,1,3425558
DLR0090,Riv-M90,BR0891,DT00090,1,7979531
DLR0091,Riv-M91,BR0901,DT00091,1,4713975
DLR0092,Sub-M92,BR0911,DT00092,1,5758576
DLR0093,Sub-M93,BR0921,DT00093,1,5584847
DLR0094,Sub-M94,BR0931,DT00094,2,12409908
DLR0095,Sub-M95,BR0941,DT00095,2,14535884
DLR0097,Tes-M97,BR0961,DT00097,3,25965132
DLR0098,Tes-M98,BR0971,DT00098,3,19511448
DLR0099,Lex-M99,BR0981,DT00099,3,29188608
DLR0101,Toy-M101,BR1001,DT00101,1,9765765
DLR0103,Toy-M103,BR1021,DT00103,2,7065574
DLR0105,Toy-M105,BR1041,DT00105,3,19224651
DLR0106,Toy-M106,BR1051,DT00106,3,22519947
DLR0107,Toy-M107,BR1061,DT00107,1,9518214
DLR0108,Vol-M108,BR1071,DT00108,3,5165328
DLR0111,Agr-M111,BR1101,DT00111,1,9378756
DLR0112,Agr-M112,BR1111,DT00112,3,16902318
DLR0113,Agr-M113,BR1121,DT00113,1,6757582
DLR0115,Cit-M115,BR1141,DT00115,2,2672576
DLR0116,Cit-M116,BR1151,DT00116,3,20009418
DLR0118,Fia-M118,BR1171,DT00118,1,8396223
DLR0119,For-M119,BR1181,DT00119,2,4386508
DLR0124,Peu-M124,BR1231,DT00124,2,12536596
DLR0125,Peu-M125,BR1241,DT00125,2,4013044
DLR0126,Peu-M126,BR1251,DT00126,3,17994549
DLR0127,Ren-M127,BR1261,DT00127,3,20032434
DLR0130,Ren-M130,BR1291,DT00130,1,2945306
DLR0131,Ren-M131,BR1301,DT00131,1,9813516
DLR0133,Toy-M133,BR1321,DT00133,1,8014593
DLR0136,Vol-M136,BR1351,DT00136,3,19375632
DLR0138,Mar-M138,BR1371,DT00138,1,5418394
DLR0140,Mar-M140,BR1391,DT00140,3,28350189
DLR0141,Mar-M141,BR1401,DT00141,2,5897132
DLR0142,Mar-M142,BR1411,DT00142,2,14312230
DLR0143,Mar-M143,BR1421,DT00143,3,6365796
DLR0144,Mar-M144,BR1431,DT00144,2,8912312
DLR0146,Mar-M146,BR1451,DT00146,3,6485847
DLR0147,Mar-M147,BR1461,DT00147,2,17561478
DLR0148,Mar-M148,BR1471,DT00148,3,21192432
DLR0150,Mar-M150,BR1491,DT00150,2,13805586
DLR0152,Mar-M152,BR1511,DT00152,2,6576128
DLR0153,Hyu-M153,BR1521,DT00153,2,11687542
DLR0154,Hyu-M154,BR1531,DT00154,3,3223632
DLR0155,Hyu-M155,BR1541,DT00155,2,12200662
DLR0157,Hyu-M157,BR1561,DT00157,2,1397660
DLR0158,Hyu-M158,BR1571,DT00158,1,8591331
DLR0161,Hyu-M161,BR1601,DT00161,3,17398632
DLR0162,Hyu-M162,BR1611,DT00162,1,3819603
DLR0163,Hyu-M163,BR1621,DT00163,2,4611630
DLR0164,Hyu-M164,BR1631,DT00164,3,7755909
DLR0165,Mah-M165,BR1641,DT00165,3,11071452
DLR0166,Mah-M166,BR1651,DT00166,3,18946656
DLR0167,Mah-M167,BR1661,DT00167,1,8843133
DLR0168,Mah-M168,BR1671,DT00168,1,6186812
DLR0169,Mah-M169,BR1681,DT00169,3,1537290
DLR0170,Mah-M170,BR1691,DT00170,1,9662865
DLR0171,Mah-M171,BR1701,DT00171,3,27176325
DLR0172,Mah-M172,BR1711,DT00172,3,24169257
DLR0173,Mah-M173,BR1721,DT00173,1,5666511
DLR0174,Mah-M174,BR1731,DT00174,3,25732437
DLR0175,Mah-M175,BR1741,DT00175,2,16722688
DLR0176,Mah-M176,BR1751,DT00176,3,2815512
DLR0177,Mah-M177,BR1761,DT00177,2,11000572
DLR0178,Mah-M178,BR1771,DT00178,3,10901283
DLR0182,Tat-M182,BR1811,DT00182,3,22819110
DLR0183,Tat-M183,BR1821,DT00183,1,5740231
DLR0184,Tat-M184,BR1831,DT00184,3,22956720
DLR0185,Tat-M185,BR1841,DT00185,2,18486910
DLR0187,Tat-M187,BR1861,DT00187,2,12941846
DLR0188,Tat-M188,BR1871,DT00188,3,24939225
DLR0191,Tat-M191,BR1901,DT00191,3,4553745
DLR0192,Tat-M192,BR1911,DT00192,2,19268528
DLR0194,Tat-M194,BR1931,DT00194,3,13975350
DLR0195,Toy-M195,BR1941,DT00195,3,8532681
DLR0196,Toy-M196,BR1951,DT00196,2,1852696
DLR0198,Toy-M198,BR1971,DT00198,2,307458
DLR0200,Toy-M200,BR1991,DT00200,3,2545818
DLR0202,Toy-M202,BR2011,DT00202,2,14283456
DLR0203,Toy-M203,BR2021,DT00203,1,6064806
DLR0204,Toy-M204,BR2031,DT00204,3,27205020
DLR0205,Toy-M205,BR2041,DT00205,1,857333
DLR0207,Ren-M207,BR2061,DT00207,3,12167115
DLR0208,Ren-M208,BR2071,DT00208,2,7862894
DLR0210,Ren-M210,BR2091,DT00210,3,15599949
DLR0211,Ren-M211,BR2101,DT00211,1,313401
DLR0213,Kia-M213,BR2121,DT00213,2,11571686
DLR0214,Kia-M214,BR2131,DT00214,2,6953904
DLR0216,Hon-M216,BR2151,DT00216,1,6813837
DLR0217,Hon-M217,BR2161,DT00217,3,4038996
DLR0218,Hon-M218,BR2171,DT00218,1,8043585
DLR0220,Hon-M220,BR2191,DT00220,2,5295622
DLR0221,For-M221,BR2201,DT00221,2,10821420
DLR0222,For-M222,BR2211,DT00222,1,6142710
DLR0223,For-M223,BR2221,DT00223,1,9833386
DLR0224,For-M224,BR2231,DT00224,2,7376554
DLR0225,For-M225,BR2241,DT00225,3,25182108
DLR0226,For-M226,BR2251,DT00226,1,2647939
DLR0228,Aud-M228,BR2271,DT00228,2,13947502
DLR0229,Aud-M229,BR2281,DT00229,1,4030132
DLR0230,Aud-M230,BR2291,DT00230,1,1023248
DLR0231,Aud-M231,BR2301,DT00231,2,9805168
DLR0233,Aud-M233,BR2321,DT00233,3,11278020
DLR0234,Aud-M234,BR2331,DT00234,3,26563497
DLR0235,Aud-M235,BR2341,DT00235,1,4900328
DLR0236,Aud-M236,BR2351,DT00236,3,17972157
DLR0237,Aud-M237,BR2361,DT00237,2,10920946
DLR0238,Aud-M238,BR2371,DT00238,2,3440078
DLR0240,Aud-M240,BR2391,DT00240,2,16855406
DLR0241,Aud-M241,BR2401,DT00241,2,6911454
DLR0242,BMW-M242,BR2411,DT00242,3,17126070
DLR0243,BMW-M243,BR2421,DT00243,3,1739244
DLR0244,BMW-M244,BR2431,DT00244,1,4934636
DLR0245,BMW-M245,BR2441,DT00245,3,24211491
DLR0246,BMW-M246,BR2451,DT00246,1,1050883
DLR0249,BMW-M249,BR0012,DT00249,1,5358057
DLR0251,MG-M251,BR0032,DT00251,1,8443706
DLR0252,MG-M252,BR0042,DT00252,1,5616461
DLR0253,Jee-M253,BR0052,DT00253,2,16890826
DLR0255,Vol-M255,BR0072,DT00255,2,5289426
DLR0256,Vol-M256,BR0082,DT00256,3,2563134
DLR0257,Vol-M257,BR0092,DT00257,2,11502266
DLR0258,Vol-M258,BR0102,DT00258,2,12618398
DLR0259,Vol-M259,BR0112,DT00259,2,10732148
DLR0260,Vol-M260,BR0122,DT00260,3,10113618
DLR0263,Nis-M263,BR0152,DT00263,2,13123846
DLR0265,Nis-M265,BR0172,DT00265,3,18898203
DLR0266,Nis-M266,BR0182,DT00266,1,5868139
DLR0267,Nis-M267,BR0192,DT00267,3,4579461
DLR0001,Nis-M268,BR0202,DT00268,2,12224250
DLR0002,Nis-M269,BR0212,DT00269,2,9621332
DLR0003,Nis-M270,BR0222,DT00270,2,15758858
DLR0004,Sko-M271,BR0232,DT00271,3,889446
DLR0006,Sko-M273,BR0252,DT00273,2,4256874
DLR0007,Sko-M274,BR0262,DT00274,2,2574816
DLR0008,Mit-M275,BR0272,DT00275,1,9190640
DLR0011,BMW-M1,BR0302,DT00278,2,4701994
DLR0013,BMW-M3,BR0322,DT00280,1,4423641
DLR0014,BMW-M4,BR0332,DT00281,3,19779771
DLR0015,BMW-M5,BR0342,DT00282,3,23878338
DLR0016,Mer-M6,BR0352,DT00283,3,25485213
DLR0017,Mer-M7,BR0362,DT00284,3,3472263
DLR0018,Mer-M8,BR0372,DT00285,2,6440358
DLR0019,Dod-M9,BR0382,DT00286,2,15922974
DLR0020,Jee-M10,BR0392,DT00287,1,9031813
DLR0021,Jee-M11,BR0402,DT00288,3,8830740
DLR0022,Jee-M12,BR0412,DT00289,3,22875579
DLR0023,Jee-M13,BR0422,DT00290,1,3488930
DLR0024,Ram-M14,BR0432,DT00291,3,3856866
DLR0025,Ram-M15,BR0442,DT00292,1,3180226
DLR0026,For-M16,BR0452,DT00293,2,12534236
DLR0027,For-M17,BR0462,DT00294,1,9993194
DLR0029,For-M19,BR0482,DT00296,1,5629200
DLR0030,For-M20,BR0492,DT00297,1,5124985
DLR0031,For-M21,BR0502,DT00298,3,539991
DLR0032,For-M22,BR0512,DT00299,3,12703779
DLR0035,For-M25,BR0542,DT00302,2,12871174
DLR0036,For-M26,BR0552,DT00303,3,13663419
DLR0037,Lin-M27,BR0562,DT00304,3,2008077
DLR0038,Lin-M28,BR0572,DT00305,1,5780896
DLR0040,Lin-M30,BR0592,DT00307,2,12679842
DLR0041,Bui-M31,BR0602,DT00308,2,14749900
DLR0045,Cad-M35,BR0642,DT00312,2,14231264
DLR0047,Cad-M37,BR0662,DT00314,2,6187158
DLR0048,Cad-M38,BR0672,DT00315,2,11003206
DLR0049,Cad-M39,BR0682,DT00316,2,7163682
DLR0050,Che-M40,BR0692,DT00317,1,7967632
DLR0051,Che-M41,BR0702,DT00318,1,1189125
DLR0052,Che-M42,BR0712,DT00319,2,9043640
DLR0053,Che-M43,BR0722,DT00320,2,10532440
DLR0054,Che-M44,BR0732,DT00321,1,9411372
DLR0055,Che-M45,BR0742,DT00322,3,26605503
DLR0056,Che-M46,BR0752,DT00323,2,17357436
DLR0057,Che-M47,BR0762,DT00324,2,13805534
DLR0060,Che-M50,BR0792,DT00327,2,13934294
DLR0061,Che-M51,BR0802,DT00328,1,882130
DLR0062,GMC-M52,BR0812,DT00329,2,1046322
DLR0063,GMC-M53,BR0822,DT00330,2,13584572
DLR0064,GMC-M54,BR0832,DT00331,3,4408905
DLR0065,GMC-M55,BR0842,DT00332,2,2543978
DLR0066,GMC-M56,BR0852,DT00333,2,17594286
DLR0068,GMC-M58,BR0872,DT00335,2,1131322
DLR0070,Acu-M60,BR0892,DT00337,1,1993691
DLR0071,Acu-M61,BR0902,DT00338,3,23481786
DLR0072,Acu-M62,BR0912,DT00339,1,3951923
DLR0073,Acu-M63,BR0922,DT00340,2,14394714
DLR0075,Hon-M65,BR0942,DT00342,2,3972716
DLR0078,Hon-M68,BR0972,DT00345,3,29121171
DLR0082,Hyu-M72,BR1012,DT00349,2,1890776
DLR0084,Hyu-M74,BR1032,DT00351,1,7163899
DLR0086,Kia-M76,BR1052,DT00353,2,7886144
DLR0090,Nis-M80,BR1092,DT00357,1,9454887
DLR0091,Nis-M81,BR1102,DT00358,1,3829077
DLR0092,Nis-M82,BR1112,DT00359,1,7682953
DLR0096,Nis-M86,BR1152,DT00363,3,22099773
DLR0097,Nis-M87,BR1162,DT00364,2,13501758
DLR0098,Nis-M88,BR1172,DT00365,1,363498
DLR0099,Nis-M89,BR1182,DT00366,3,14603685
DLR0100,Riv-M90,BR1192,DT00367,3,18138627
DLR0101,Riv-M91,BR1202,DT00368,1,9356885
DLR0102,Sub-M92,BR1212,DT00369,1,1022362
DLR0103,Sub-M93,BR1222,DT00370,3,21804849
DLR0104,Sub-M94,BR1232,DT00371,3,1865274
DLR0106,Tes-M96,BR1252,DT00373,2,10290584
DLR0107,Tes-M97,BR1262,DT00374,2,8902988
DLR0110,Toy-M100,BR1292,DT00377,3,23239323
DLR0111,Toy-M101,BR1302,DT00378,1,3796049
DLR0113,Toy-M103,BR1322,DT00380,2,4935354
DLR0114,Toy-M104,BR1332,DT00381,3,26891523
DLR0116,Toy-M106,BR1352,DT00383,2,319262
DLR0117,Toy-M107,BR1362,DT00384,1,1338147
DLR0118,Vol-M108,BR1372,DT00385,3,3543648
DLR0119,Vol-M109,BR1382,DT00386,1,6794711
DLR0120,Vol-M110,BR1392,DT00387,2,2729702
DLR0121,Agr-M111,BR1402,DT00388,2,6973684
DLR0122,Agr-M112,BR1412,DT00389,1,6726654
DLR0125,Cit-M115,BR1442,DT00392,2,10537488
DLR0126,Cit-M116,BR1452,DT00393,3,7899765
DLR0129,For-M119,BR1482,DT00396,2,1224224
DLR0130,Hon-M120,BR1492,DT00397,2,16088542
DLR0131,Mer-M121,BR1502,DT00398,3,10249968
DLR0132,Mer-M122,BR1512,DT00399,2,16365546
DLR0133,Mer-M123,BR1522,DT00400,1,1916646
DLR0135,Peu-M125,BR1542,DT00402,3,19051425
DLR0136,Peu-M126,BR1552,DT00403,1,2244035
DLR0137,Ren-M127,BR1562,DT00404,2,3313784
DLR0139,Ren-M129,BR1582,DT00406,1,9708437
DLR0140,Ren-M130,BR1592,DT00407,2,6674538
DLR0141,Ren-M131,BR1602,DT00408,2,17503942
DLR0142,Ren-M132,BR1612,DT00409,2,15885976
DLR0144,Toy-M134,BR1632,DT00411,3,1117884
DLR0145,Vol-M135,BR1642,DT00412,2,485030
DLR0146,Vol-M136,BR1652,DT00413,1,2744649
DLR0148,Mar-M138,BR1672,DT00415,1,1261306
DLR0149,Mar-M139,BR1682,DT00416,1,8677097
DLR0150,Mar-M140,BR1692,DT00417,2,9864716
DLR0151,Mar-M141,BR1702,DT00418,3,6687048
DLR0152,Mar-M142,BR1712,DT00419,3,17066514
DLR0153,Mar-M143,BR1722,DT00420,3,8590743
DLR0155,Mar-M145,BR1742,DT00422,3,16872384
DLR0156,Mar-M146,BR1752,DT00423,3,6947409
DLR0157,Mar-M147,BR1762,DT00424,3,18121749
DLR0159,Mar-M149,BR1782,DT00426,1,2287310
DLR0160,Mar-M150,BR1792,DT00427,3,792051
DLR0162,Mar-M152,BR1812,DT00429,1,4447597
DLR0163,Hyu-M153,BR1822,DT00430,3,540651
DLR0164,Hyu-M154,BR1832,DT00431,2,11418932
DLR0165,Hyu-M155,BR1842,DT00432,2,10442638
DLR0166,Hyu-M156,BR1852,DT00433,3,16699206
DLR0167,Hyu-M157,BR1862,DT00434,2,18529414
DLR0168,Hyu-M158,BR1872,DT00435,1,1018690
DLR0169,Hyu-M159,BR1882,DT00436,3,12945492
DLR0170,Hyu-M160,BR1892,DT00437,3,17144544
DLR0171,Hyu-M161,BR1902,DT00438,1,8786484
DLR0173,Hyu-M163,BR1922,DT00440,2,7857274
DLR0174,Hyu-M164,BR1932,DT00441,2,2027358
DLR0176,Mah-M166,BR1952,DT00443,1,6238932
DLR0177,Mah-M167,BR1962,DT00444,1,3019029
DLR0178,Mah-M168,BR1972,DT00445,1,1123825
DLR0183,Mah-M173,BR2022,DT00450,2,295120
DLR0184,Mah-M174,BR2032,DT00451,3,4763922
DLR0185,Mah-M175,BR2042,DT00452,2,4893280
DLR0186,Mah-M176,BR2052,DT00453,3,22058883
DLR0187,Mah-M177,BR2062,DT00454,3,10930779
DLR0188,Mah-M178,BR2072,DT00455,3,6483099
DLR0189,Tat-M179,BR2082,DT00456,2,8561936
DLR0193,Tat-M183,BR2122,DT00460,3,19694214
DLR0194,Tat-M184,BR2132,DT00461,3,11112984
DLR0195,Tat-M185,BR2142,DT00462,1,2368695
DLR0196,Tat-M186,BR2152,DT00463,1,9982652
DLR0198,Tat-M188,BR2172,DT00465,2,19494650
DLR0199,Tat-M189,BR2182,DT00466,2,18590022
DLR0200,Tat-M190,BR2192,DT00467,3,26354109
DLR0201,Tat-M191,BR2202,DT00468,3,11759934
DLR0203,Tat-M193,BR2222,DT00470,2,3333756
DLR0204,Tat-M194,BR2232,DT00471,2,16284062
DLR0206,Toy-M196,BR2252,DT00473,3,23525256
DLR0207,Toy-M197,BR2262,DT00474,1,6371231
DLR0208,Toy-M198,BR2272,DT00475,1,8946299
DLR0209,Toy-M199,BR2282,DT00476,3,10183878
DLR0211,Toy-M201,BR2302,DT00478,1,7763828
DLR0212,Toy-M202,BR2312,DT00479,1,8183979
DLR0213,Toy-M203,BR2322,DT00480,3,29924316
DLR0214,Toy-M204,BR2332,DT00481,2,17533466
DLR0215,Toy-M205,BR2342,DT00482,1,3184412
DLR0216,Toy-M206,BR2352,DT00483,2,13386544
DLR0217,Ren-M207,BR2362,DT00484,1,6457651
DLR0218,Ren-M208,BR2372,DT00485,3,5259795
DLR0219,Ren-M209,BR2382,DT00486,1,7833314
DLR0220,Ren-M210,BR2392,DT00487,1,9108088
DLR0221,Ren-M211,BR2402,DT00488,1,2563293
DLR0222,Kia-M212,BR2412,DT00489,3,13360260
DLR0226,Hon-M216,BR2452,DT00493,2,13442598
DLR0227,Hon-M217,BR2462,DT00494,2,7757426
DLR0228,Hon-M218,BR0003,DT00495,3,17376468
DLR0229,Hon-M219,BR0013,DT00496,3,16150431
DLR0231,For-M221,BR0033,DT00498,1,4590128
DLR0232,For-M222,BR0043,DT00499,2,18031408
DLR0233,For-M223,BR0053,DT00500,1,7422324
DLR0235,For-M225,BR0073,DT00502,1,4014205
DLR0236,For-M226,BR0083,DT00503,1,5756780
DLR0238,Aud-M228,BR0103,DT00505,3,22293669
DLR0240,Aud-M230,BR0123,DT00507,2,3382344
DLR0242,Aud-M232,BR0143,DT00509,2,15425984
DLR0243,Aud-M233,BR0153,DT00510,1,7178971
DLR0244,Aud-M234,BR0163,DT00511,1,3751186
DLR0245,Aud-M235,BR0173,DT00512,2,8140664
DLR0246,Aud-M236,BR0183,DT00513,2,340182
DLR0247,Aud-M237,BR0193,DT00514,3,11559954
DLR0248,Aud-M238,BR0203,DT00515,3,8711628
DLR0249,Aud-M239,BR0213,DT00516,1,9894833
DLR0250,Aud-M240,BR0223,DT00517,1,4437937
DLR0252,BMW-M242,BR0243,DT00519,3,9296322
DLR0253,BMW-M243,BR0253,DT00520,2,6905276
DLR0256,BMW-M246,BR0283,DT00523,1,572727
DLR0257,BMW-M247,BR0293,DT00524,1,8268754
DLR0258,BMW-M248,BR0303,DT00525,3,25066332
DLR0259,BMW-M249,BR0313,DT00526,2,11080864
DLR0260,BMW-M250,BR0323,DT00527,2,7840152
DLR0261,MG-M251,BR0333,DT00528,3,21458625
DLR0263,Jee-M253,BR0353,DT00530,1,1977151
DLR0264,Jee-M254,BR0363,DT00531,3,22828896
DLR0266,Vol-M256,BR0383,DT00533,2,19070698
DLR0267,Vol-M257,BR0393,DT00534,2,11635732
DLR0001,Vol-M258,BR0403,DT00535,1,7989019
DLR0002,Vol-M259,BR0413,DT00536,3,8281269
DLR0003,Vol-M260,BR0423,DT00537,1,1408708
DLR0004,Nis-M261,BR0433,DT00538,3,12084375
DLR0005,Nis-M262,BR0443,DT00539,2,13805602
DLR0007,Nis-M264,BR0463,DT00541,3,13189806
DLR0008,Nis-M265,BR0473,DT00542,1,6356301
DLR0009,Nis-M266,BR0483,DT00543,2,1413380
DLR0010,Nis-M267,BR0493,DT00544,1,5529707
DLR0012,Nis-M269,BR0513,DT00546,2,5104718
DLR0013,Nis-M270,BR0523,DT00547,1,2133323
DLR0014,Sko-M271,BR0533,DT00548,3,10200093
DLR0016,Sko-M273,BR0553,DT00550,1,2711864
DLR0018,Mit-M275,BR0573,DT00552,3,10853781
DLR0022,BMW-M2,BR0613,DT00556,2,7619058
DLR0023,BMW-M3,BR0623,DT00557,1,3861337
DLR0024,BMW-M4,BR0633,DT00558,1,3013862
DLR0025,BMW-M5,BR0643,DT00559,2,4091032
DLR0026,Mer-M6,BR0653,DT00560,3,18850056
DLR0027,Mer-M7,BR0663,DT00561,3,25637433
DLR0028,Mer-M8,BR0673,DT00562,2,9182152
DLR0030,Jee-M10,BR0693,DT00564,2,10049668
DLR0031,Jee-M11,BR0703,DT00565,3,3831888
DLR0032,Jee-M12,BR0713,DT00566,2,12837476
DLR0033,Jee-M13,BR0723,DT00567,3,27274158
DLR0036,For-M16,BR0753,DT00570,3,12476619
DLR0038,For-M18,BR0773,DT00572,1,6922460
DLR0039,For-M19,BR0783,DT00573,3,22497648
DLR0040,For-M20,BR0793,DT00574,1,8780384
DLR0041,For-M21,BR0803,DT00575,2,11161014
DLR0043,For-M23,BR0823,DT00577,3,4026720
DLR0044,For-M24,BR0833,DT00578,2,12617286
DLR0045,For-M25,BR0843,DT00579,1,7111300
DLR0047,Lin-M27,BR0863,DT00581,2,2754114
DLR0048,Lin-M28,BR0873,DT00582,1,7003291
DLR0049,Lin-M29,BR0883,DT00583,1,8367989
DLR0050,Lin-M30,BR0893,DT00584,1,2027904
DLR0052,Cad-M32,BR0913,DT00586,1,1106634
DLR0053,Cad-M33,BR0923,DT00587,2,1925980
DLR0054,Cad-M34,BR0933,DT00588,2,3868980
DLR0055,Cad-M35,BR0943,DT00589,1,2450338
DLR0056,Cad-M36,BR0953,DT00590,2,19165328
DLR0057,Cad-M37,BR0963,DT00591,2,1200316
DLR0058,Cad-M38,BR0973,DT00592,1,3505652
DLR0059,Cad-M39,BR0983,DT00593,3,24586674
DLR0060,Che-M40,BR0993,DT00594,3,22304289
DLR0061,Che-M41,BR1003,DT00595,3,3056898
DLR0062,Che-M42,BR1013,DT00596,2,14296038
DLR0063,Che-M43,BR1023,DT00597,1,8672176
DLR0065,Che-M45,BR1043,DT00599,2,15231956
DLR0066,Che-M46,BR1053,DT00600,1,349526
DLR0067,Che-M47,BR1063,DT00601,1,9643727
DLR0068,Che-M48,BR1073,DT00602,3,29103405
DLR0069,Che-M49,BR1083,DT00603,2,12686360
DLR0070,Che-M50,BR1093,DT00604,1,9927018
DLR0071,Che-M51,BR1103,DT00605,1,5339272
DLR0072,GMC-M52,BR1113,DT00606,3,16163871
DLR0073,GMC-M53,BR1123,DT00607,3,20381646
DLR0075,GMC-M55,BR1143,DT00609,2,14912856
DLR0077,GMC-M57,BR1163,DT00611,3,27236946
DLR0078,GMC-M58,BR1173,DT00612,2,14665640
DLR0079,Acu-M59,BR1183,DT00613,1,860789
DLR0080,Acu-M60,BR1193,DT00614,3,23134212
DLR0081,Acu-M61,BR1203,DT00615,1,4954303
DLR0083,Acu-M63,BR1223,DT00617,1,4070808
DLR0084,Hon-M64,BR1233,DT00618,1,7780268
DLR0085,Hon-M65,BR1243,DT00619,2,4013704
DLR0086,Hon-M66,BR1253,DT00620,1,1962370
DLR0087,Hon-M67,BR1263,DT00621,3,5498931
DLR0088,Hon-M68,BR1273,DT00622,2,4756842
DLR0089,Hon-M69,BR1283,DT00623,3,24716376
DLR0090,Hon-M70,BR1293,DT00624,3,22218969
DLR0091,Hon-M71,BR1303,DT00625,3,15407670
DLR0092,Hyu-M72,BR1313,DT00626,3,18149337
DLR0093,Hyu-M73,BR1323,DT00627,3,23853315
DLR0094,Hyu-M74,BR1333,DT00628,3,28091703
DLR0095,Hyu-M75,BR1343,DT00629,1,982629
DLR0096,Kia-M76,BR1353,DT00630,2,5204886
DLR0097,Kia-M77,BR1363,DT00631,3,3290799
DLR0098,Kia-M78,BR1373,DT00632,3,16951182
DLR0099,Inf-M79,BR1383,DT00633,3,13155981
DLR0100,Nis-M80,BR1393,DT00634,2,1095368
DLR0101,Nis-M81,BR1403,DT00635,3,27016929
DLR0102,Nis-M82,BR1413,DT00636,2,4087496
DLR0107,Nis-M87,BR1463,DT00641,2,7707708
DLR0108,Nis-M88,BR1473,DT00642,3,20704056
DLR0109,Nis-M89,BR1483,DT00643,1,7346559
DLR0110,Riv-M90,BR1493,DT00644,1,5573732
DLR0111,Riv-M91,BR1503,DT00645,1,3234890
DLR0112,Sub-M92,BR1513,DT00646,1,2368511
DLR0113,Sub-M93,BR1523,DT00647,3,19789761
DLR0115,Sub-M95,BR1543,DT00649,1,8710705
DLR0116,Tes-M96,BR1553,DT00650,3,20377248
DLR0117,Tes-M97,BR1563,DT00651,2,6013572
DLR0118,Tes-M98,BR1573,DT00652,1,4378700
DLR0119,Lex-M99,BR1583,DT00653,1,3422245
DLR0120,Toy-M100,BR1593,DT00654,2,2674500
DLR0121,Toy-M101,BR1603,DT00655,3,2870595
DLR0122,Toy-M102,BR1613,DT00656,1,3197417
DLR0123,Toy-M103,BR1623,DT00657,3,9049002
DLR0124,Toy-M104,BR1633,DT00658,1,2163135
DLR0125,Toy-M105,BR1643,DT00659,3,13198065
DLR0126,Toy-M106,BR1653,DT00660,1,2077165
DLR0127,Toy-M107,BR1663,DT00661,2,1478854
DLR0128,Vol-M108,BR1673,DT00662,3,29113914
DLR0129,Vol-M109,BR1683,DT00663,1,3149218
DLR0130,Vol-M110,BR1693,DT00664,1,4232991
DLR0133,Agr-M113,BR1723,DT00667,3,5253078
DLR0134,Che-M114,BR1733,DT00668,1,1660874
DLR0135,Cit-M115,BR1743,DT00669,3,28942212
DLR0136,Cit-M116,BR1753,DT00670,3,26456838
DLR0137,Fia-M117,BR1763,DT00671,3,12729795
DLR0139,For-M119,BR1783,DT00673,3,26421006
DLR0140,Hon-M120,BR1793,DT00674,3,605475
DLR0141,Mer-M121,BR1803,DT00675,2,19975950
DLR0143,Mer-M123,BR1823,DT00677,1,6220644
DLR0144,Peu-M124,BR1833,DT00678,3,6062757
DLR0145,Peu-M125,BR1843,DT00679,3,19590816
DLR0147,Ren-M127,BR1863,DT00681,1,3706613
DLR0148,Ren-M128,BR1873,DT00682,1,4556011
DLR0151,Ren-M131,BR1903,DT00685,2,1575710
DLR0152,Ren-M132,BR1913,DT00686,1,2693650
DLR0153,Toy-M133,BR1923,DT00687,3,27271989
DLR0154,Toy-M134,BR1933,DT00688,1,1391762
DLR0155,Vol-M135,BR1943,DT00689,1,7526731
DLR0157,Mar-M137,BR1963,DT00691,2,9992208
DLR0160,Mar-M140,BR1993,DT00694,2,3745426
DLR0163,Mar-M143,BR2023,DT00697,2,8060510
DLR0164,Mar-M144,BR2033,DT00698,2,2475576
DLR0166,Mar-M146,BR2053,DT00700,3,29062869
DLR0167,Mar-M147,BR2063,DT00701,2,11007280
DLR0169,Mar-M149,BR2083,DT00703,1,1021566
DLR0171,Mar-M151,BR2103,DT00705,2,19991650
DLR0172,Mar-M152,BR2113,DT00706,2,6702328
DLR0173,Hyu-M153,BR2123,DT00707,1,2300537
DLR0174,Hyu-M154,BR2133,DT00708,2,10005932
DLR0175,Hyu-M155,BR2143,DT00709,3,27412863
DLR0176,Hyu-M156,BR2153,DT00710,1,7604313
DLR0177,Hyu-M157,BR2163,DT00711,2,14791150
DLR0178,Hyu-M158,BR2173,DT00712,3,14481660
DLR0179,Hyu-M159,BR2183,DT00713,1,9612495
DLR0182,Hyu-M162,BR2213,DT00716,3,2224314
DLR0183,Hyu-M163,BR2223,DT00717,1,9965784
DLR0184,Hyu-M164,BR2233,DT00718,3,23998932
DLR0185,Mah-M165,BR2243,DT00719,1,2298772
DLR0186,Mah-M166,BR2253,DT00720,3,20980833
DLR0187,Mah-M167,BR2263,DT00721,2,10059666
DLR0188,Mah-M168,BR2273,DT00722,1,5115269
DLR0189,Mah-M169,BR2283,DT00723,2,12791852
DLR0190,Mah-M170,BR2293,DT00724,1,9632678
DLR0191,Mah-M171,BR2303,DT00725,2,6380740
DLR0192,Mah-M172,BR2313,DT00726,1,4347531
DLR0193,Mah-M173,BR2323,DT00727,1,6271301
DLR0196,Mah-M176,BR2353,DT00730,1,7236359
DLR0199,Tat-M179,BR2383,DT00733,2,13747540
DLR0200,Tat-M180,BR2393,DT00734,1,4533032
DLR0203,Tat-M183,BR2423,DT00737,1,5565960
DLR0204,Tat-M184,BR2433,DT00738,1,140515
DLR0205,Tat-M185,BR2443,DT00739,3,2272794
DLR0207,Tat-M187,BR2463,DT00741,2,19756430
DLR0208,Tat-M188,BR0004,DT00742,3,9664767
DLR0209,Tat-M189,BR0014,DT00743,2,13389350
DLR0210,Tat-M190,BR0024,DT00744,3,11038722
DLR0212,Tat-M192,BR0044,DT00746,3,4061400
DLR0213,Tat-M193,BR0054,DT00747,1,5594044
DLR0214,Tat-M194,BR0064,DT00748,1,6429308
DLR0215,Toy-M195,BR0074,DT00749,2,3163004
DLR0216,Toy-M196,BR0084,DT00750,1,4317585
DLR0217,Toy-M197,BR0094,DT00751,3,4961142
DLR0218,Toy-M198,BR0104,DT00752,1,1994377
DLR0219,Toy-M199,BR0114,DT00753,1,7666706
DLR0222,Toy-M202,BR0144,DT00756,1,6200183
DLR0223,Toy-M203,BR0154,DT00757,2,10761116
DLR0224,Toy-M204,BR0164,DT00758,1,4376587
DLR0227,Ren-M207,BR0194,DT00761,3,6535383
DLR0228,Ren-M208,BR0204,DT00762,3,20604021
DLR0229,Ren-M209,BR0214,DT00763,1,7758912
DLR0230,Ren-M210,BR0224,DT00764,3,12531735
DLR0231,Ren-M211,BR0234,DT00765,3,29018226
DLR0233,Kia-M213,BR0254,DT00767,3,13383333
DLR0234,Kia-M214,BR0264,DT00768,1,6457305
DLR0235,Hon-M215,BR0274,DT00769,2,376922
DLR0237,Hon-M217,BR0294,DT00771,2,14099240
DLR0238,Hon-M218,BR0304,DT00772,2,8881946
DLR0240,Hon-M220,BR0324,DT00774,3,14323572
DLR0241,For-M221,BR0334,DT00775,2,9655398
DLR0242,For-M222,BR0344,DT00776,1,5683188
DLR0243,For-M223,BR0354,DT00777,3,494316
DLR0244,For-M224,BR0364,DT00778,2,5601846
DLR0246,For-M226,BR0384,DT00780,2,7885366
DLR0248,Aud-M228,BR0404,DT00782,1,9113729
DLR0249,Aud-M229,BR0414,DT00783,2,10410296
DLR0250,Aud-M230,BR0424,DT00784,2,17499968
DLR0251,Aud-M231,BR0434,DT00785,3,1712349
DLR0252,Aud-M232,BR0444,DT00786,1,1637522
DLR0253,Aud-M233,BR0454,DT00787,2,6462394
DLR0254,Aud-M234,BR0464,DT00788,2,16419144
DLR0255,Aud-M235,BR0474,DT00789,3,24611535
DLR0256,Aud-M236,BR0484,DT00790,1,4502553
DLR0257,Aud-M237,BR0494,DT00791,2,11745182
DLR0258,Aud-M238,BR0504,DT00792,2,8968102
DLR0259,Aud-M239,BR0514,DT00793,2,18335968
DLR0260,Aud-M240,BR0524,DT00794,1,4947308
DLR0261,Aud-M241,BR0534,DT00795,2,405648
DLR0262,BMW-M242,BR0544,DT00796,1,4021521
DLR0266,BMW-M246,BR0584,DT00800,1,7605444
DLR0001,BMW-M248,BR0604,DT00802,1,1631227
DLR0002,BMW-M249,BR0614,DT00803,1,5486357
DLR0003,BMW-M250,BR0624,DT00804,3,5611611
DLR0004,MG-M251,BR0634,DT00805,3,23622411
DLR0006,Jee-M253,BR0654,DT00807,1,1324649
DLR0010,Vol-M257,BR0694,DT00811,1,4841665
DLR0011,Vol-M258,BR0704,DT00812,1,7064261
DLR0012,Vol-M259,BR0714,DT00813,3,14467488
DLR0013,Vol-M260,BR0724,DT00814,3,1506321
DLR0014,Nis-M261,BR0734,DT00815,1,5676322
DLR0015,Nis-M262,BR0744,DT00816,1,2263432
DLR0017,Nis-M264,BR0764,DT00818,1,3681751
DLR0018,Nis-M265,BR0774,DT00819,3,8758656
DLR0019,Nis-M266,BR0784,DT00820,1,4239958
DLR0020,Nis-M267,BR0794,DT00821,1,9009420
DLR0021,Nis-M268,BR0804,DT00822,3,27884529
DLR0022,Nis-M269,BR0814,DT00823,3,27655845
DLR0023,Nis-M270,BR0824,DT00824,3,19756170
DLR0024,Sko-M271,BR0834,DT00825,3,14183745
DLR0025,Sko-M272,BR0844,DT00826,2,12823790
DLR0026,Sko-M273,BR0854,DT00827,1,2542283
DLR0029,Mit-M276,BR0884,DT00830,2,1712630
DLR0030,Mit-M277,BR0894,DT00831,2,10085318
DLR0031,BMW-M1,BR0904,DT00832,2,1618930
DLR0033,BMW-M3,BR0924,DT00834,1,2382867
DLR0034,BMW-M4,BR0934,DT00835,3,28658523
DLR0037,Mer-M7,BR0964,DT00838,1,3368813
DLR0038,Mer-M8,BR0974,DT00839,3,28307304
DLR0039,Dod-M9,BR0984,DT00840,1,7543192
DLR0040,Jee-M10,BR0994,DT00841,1,4731537
DLR0041,Jee-M11,BR1004,DT00842,3,22310235
DLR0042,Jee-M12,BR1014,DT00843,3,3272100
DLR0044,Ram-M14,BR1034,DT00845,1,3072957
DLR0045,Ram-M15,BR1044,DT00846,3,29809104
DLR0048,For-M18,BR1074,DT00849,1,4341243
DLR0050,For-M20,BR1094,DT00851,3,27861795
DLR0051,For-M21,BR1104,DT00852,1,2186159
DLR0052,For-M22,BR1114,DT00853,1,6567519
DLR0057,Lin-M27,BR1164,DT00858,1,1589669
DLR0058,Lin-M28,BR1174,DT00859,3,8311743
DLR0059,Lin-M29,BR1184,DT00860,2,1241180
DLR0060,Lin-M30,BR1194,DT00861,2,14471634
DLR0061,Bui-M31,BR1204,DT00862,3,23814543
DLR0062,Cad-M32,BR1214,DT00863,2,736926
DLR0063,Cad-M33,BR1224,DT00864,2,4857048
DLR0064,Cad-M34,BR1234,DT00865,2,19647284
DLR0065,Cad-M35,BR1244,DT00866,3,9810558
DLR0067,Cad-M37,BR1264,DT00868,1,8193938
DLR0068,Cad-M38,BR1274,DT00869,2,8194514
DLR0070,Che-M40,BR1294,DT00871,3,1934226
DLR0071,Che-M41,BR1304,DT00872,3,12463830
DLR0072,Che-M42,BR1314,DT00873,1,1441488
DLR0077,Che-M47,BR1364,DT00878,1,4916778
DLR0079,Che-M49,BR1384,DT00880,2,18310262
DLR0081,Che-M51,BR1404,DT00882,3,4024362
DLR0082,GMC-M52,BR1414,DT00883,3,18880134
DLR0083,GMC-M53,BR1424,DT00884,3,9007548
DLR0085,GMC-M55,BR1444,DT00886,2,7543950
DLR0086,GMC-M56,BR1454,DT00887,3,25855152
DLR0087,GMC-M57,BR1464,DT00888,1,9643741
DLR0091,Acu-M61,BR1504,DT00892,1,513083
DLR0093,Acu-M63,BR1524,DT00894,3,1167288
DLR0095,Hon-M65,BR1544,DT00896,3,24008736
DLR0096,Hon-M66,BR1554,DT00897,2,6710574
DLR0097,Hon-M67,BR1564,DT00898,1,1064642
DLR0098,Hon-M68,BR1574,DT00899,1,5410099
DLR0100,Hon-M70,BR1594,DT00901,2,10601488
DLR0101,Hon-M71,BR1604,DT00902,1,7013124
DLR0104,Hyu-M74,BR1634,DT00905,1,5730373
DLR0106,Kia-M76,BR1654,DT00907,1,2718268
DLR0107,Kia-M77,BR1664,DT00908,2,8914706
DLR0108,Kia-M78,BR1674,DT00909,1,2383197
DLR0109,Inf-M79,BR1684,DT00910,1,6511723
DLR0112,Nis-M82,BR1714,DT00913,1,3182328
DLR0116,Nis-M86,BR1754,DT00917,1,492495
DLR0117,Nis-M87,BR1764,DT00918,2,7449370
DLR0119,Nis-M89,BR1784,DT00920,3,6403419
DLR0121,Riv-M91,BR1804,DT00922,2,18009496
DLR0122,Sub-M92,BR1814,DT00923,3,17375382
DLR0123,Sub-M93,BR1824,DT00924,1,279928
DLR0124,Sub-M94,BR1834,DT00925,1,2142415
DLR0125,Sub-M95,BR1844,DT00926,3,21127932
DLR0126,Tes-M96,BR1854,DT00927,3,4992132
DLR0127,Tes-M97,BR1864,DT00928,1,4960610
DLR0128,Tes-M98,BR1874,DT00929,1,6627355
DLR0129,Lex-M99,BR1884,DT00930,2,4301122
DLR0130,Toy-M100,BR1894,DT00931,2,7205130
DLR0132,Toy-M102,BR1914,DT00933,2,15300512
DLR0133,Toy-M103,BR1924,DT00934,2,12692734
DLR0134,Toy-M104,BR1934,DT00935,3,16884642
DLR0135,Toy-M105,BR1944,DT00936,3,18536784
DLR0136,Toy-M106,BR1954,DT00937,1,5024274
DLR0137,Toy-M107,BR1964,DT00938,3,5313843
DLR0138,Vol-M108,BR1974,DT00939,3,28686045
DLR0139,Vol-M109,BR1984,DT00940,3,9892344
DLR0140,Vol-M110,BR1994,DT00941,1,5292186
DLR0141,Agr-M111,BR2004,DT00942,3,14333481
DLR0143,Agr-M113,BR2024,DT00944,2,7167374
DLR0144,Che-M114,BR2034,DT00945,3,18846993
DLR0146,Cit-M116,BR2054,DT00947,3,24282477
DLR0147,Fia-M117,BR2064,DT00948,2,16986690
DLR0149,For-M119,BR2084,DT00950,1,7740377
DLR0151,Mer-M121,BR2104,DT00952,1,9142867
DLR0152,Mer-M122,BR2114,DT00953,1,1841594
DLR0153,Mer-M123,BR2124,DT00954,1,1880148
DLR0154,Peu-M124,BR2134,DT00955,1,8376690
DLR0155,Peu-M125,BR2144,DT00956,2,1811252
DLR0156,Peu-M126,BR2154,DT00957,2,2947608
DLR0157,Ren-M127,BR2164,DT00958,3,18843345
DLR0158,Ren-M128,BR2174,DT00959,2,14172508
DLR0159,Ren-M129,BR2184,DT00960,3,15234825
DLR0161,Ren-M131,BR2204,DT00962,2,13286568
DLR0162,Ren-M132,BR2214,DT00963,1,4002438
DLR0164,Toy-M134,BR2234,DT00965,3,27362391
DLR0165,Vol-M135,BR2244,DT00966,2,5313410
DLR0167,Mar-M137,BR2264,DT00968,3,18789165
DLR0169,Mar-M139,BR2284,DT00970,3,14836218
DLR0173,Mar-M143,BR2324,DT00974,2,10866874
DLR0174,Mar-M144,BR2334,DT00975,3,18752160
DLR0175,Mar-M145,BR2344,DT00976,3,15286122
DLR0178,Mar-M148,BR2374,DT00979,2,16494576
DLR0179,Mar-M149,BR2384,DT00980,3,28905498
DLR0180,Mar-M150,BR2394,DT00981,1,2023916
DLR0181,Mar-M151,BR2404,DT00982,1,9180803
DLR0182,Mar-M152,BR2414,DT00983,3,23012124
DLR0185,Hyu-M155,BR2444,DT00986,2,3970176
DLR0186,Hyu-M156,BR2454,DT00987,2,10644934
DLR0187,Hyu-M157,BR2464,DT00988,2,11152924
DLR0188,Hyu-M158,BR0005,DT00989,3,5525304
DLR0189,Hyu-M159,BR0015,DT00990,2,4891618
DLR0190,Hyu-M160,BR0025,DT00991,2,6733530
DLR0191,Hyu-M161,BR0035,DT00992,2,4225644
DLR0192,Hyu-M162,BR0045,DT00993,3,23199300
DLR0193,Hyu-M163,BR0055,DT00994,1,309955
DLR0194,Hyu-M164,BR0065,DT00995,3,9045495
DLR0195,Mah-M165,BR0075,DT00996,3,21878175
DLR0196,Mah-M166,BR0085,DT00997,2,11402294
DLR0197,Mah-M167,BR0095,DT00998,1,6061880
DLR0199,Mah-M169,BR0115,DT01000,2,675100
DLR0200,Mah-M170,BR0125,DT01001,3,21087120
DLR0201,Mah-M171,BR0135,DT01002,1,6932140
DLR0202,Mah-M172,BR0145,DT01003,2,9216580
DLR0204,Mah-M174,BR0165,DT01005,2,281016
DLR0205,Mah-M175,BR0175,DT01006,2,12526704
DLR0206,Mah-M176,BR0185,DT01007,2,2861778
DLR0207,Mah-M177,BR0195,DT01008,2,4392538
DLR0208,Mah-M178,BR0205,DT01009,3,22278675
DLR0209,Tat-M179,BR0215,DT01010,2,11540160
DLR0210,Tat-M180,BR0225,DT01011,3,17781882
DLR0211,Tat-M181,BR0235,DT01012,2,19005264
DLR0213,Tat-M183,BR0255,DT01014,1,7421974
DLR0214,Tat-M184,BR0265,DT01015,2,1879880
DLR0215,Tat-M185,BR0275,DT01016,2,14143208
DLR0216,Tat-M186,BR0285,DT01017,1,7802484
DLR0217,Tat-M187,BR0295,DT01018,3,7235826
DLR0218,Tat-M188,BR0305,DT01019,3,17758347
DLR0219,Tat-M189,BR0315,DT01020,3,1458843
DLR0225,Toy-M195,BR0375,DT01026,3,17942361
DLR0226,Toy-M196,BR0385,DT01027,2,4149040
DLR0227,Toy-M197,BR0395,DT01028,2,7719978
DLR0228,Toy-M198,BR0405,DT01029,2,18507800
DLR0229,Toy-M199,BR0415,DT01030,3,8305590
DLR0231,Toy-M201,BR0435,DT01032,3,10582473
DLR0232,Toy-M202,BR0445,DT01033,3,8805045
DLR0233,Toy-M203,BR0455,DT01034,2,10448502
DLR0236,Toy-M206,BR0485,DT01037,2,9393882
DLR0238,Ren-M208,BR0505,DT01039,1,3474317
DLR0239,Ren-M209,BR0515,DT01040,2,18836902
DLR0240,Ren-M210,BR0525,DT01041,2,11991464
DLR0243,Kia-M213,BR0555,DT01044,2,7922738
DLR0244,Kia-M214,BR0565,DT01045,1,7940381
DLR0245,Hon-M215,BR0575,DT01046,2,19174448
DLR0246,Hon-M216,BR0585,DT01047,3,19788891
DLR0248,Hon-M218,BR0605,DT01049,2,4711108
DLR0249,Hon-M219,BR0615,DT01050,1,8277025
DLR0250,Hon-M220,BR0625,DT01051,2,4640488
DLR0251,For-M221,BR0635,DT01052,1,5988985
DLR0252,For-M222,BR0645,DT01053,1,6214728
DLR0253,For-M223,BR0655,DT01054,3,12704400
DLR0254,For-M224,BR0665,DT01055,2,5279922
DLR0255,For-M225,BR0675,DT01056,2,15724106
DLR0256,For-M226,BR0685,DT01057,2,10711844
DLR0257,Aud-M227,BR0695,DT01058,3,27211653
DLR0259,Aud-M229,BR0715,DT01060,3,2362077
DLR0261,Aud-M231,BR0735,DT01062,2,19790116
DLR0262,Aud-M232,BR0745,DT01063,3,16567818
DLR0263,Aud-M233,BR0755,DT01064,3,3450990
DLR0264,Aud-M234,BR0765,DT01065,1,9543745
DLR0265,Aud-M235,BR0775,DT01066,2,11320484
DLR0266,Aud-M236,BR0785,DT01067,1,8874869
DLR0001,Aud-M238,BR0805,DT01069,3,1445892
DLR0002,Aud-M239,BR0815,DT01070,1,2567426
DLR0005,BMW-M242,BR0845,DT01073,1,8320334
DLR0007,BMW-M244,BR0865,DT01075,3,7014300
DLR0010,BMW-M247,BR0895,DT01078,1,5666828
DLR0011,BMW-M248,BR0905,DT01079,1,2626165
DLR0013,BMW-M250,BR0925,DT01081,2,11181320
DLR0014,MG-M251,BR0935,DT01082,2,16238960
DLR0015,MG-M252,BR0945,DT01083,2,9724176
DLR0016,Jee-M253,BR0955,DT01084,1,2321419
DLR0017,Jee-M254,BR0965,DT01085,2,14113876
DLR0018,Vol-M255,BR0975,DT01086,2,13098728
DLR0019,Vol-M256,BR0985,DT01087,1,7381760
DLR0020,Vol-M257,BR0995,DT01088,3,26065980
DLR0021,Vol-M258,BR1005,DT01089,3,7205844
DLR0022,Vol-M259,BR1015,DT01090,3,6323832
DLR0023,Vol-M260,BR1025,DT01091,2,1659618
DLR0024,Nis-M261,BR1035,DT01092,1,8956949
DLR0025,Nis-M262,BR1045,DT01093,2,5639958
DLR0026,Nis-M263,BR1055,DT01094,3,9672447
DLR0027,Nis-M264,BR1065,DT01095,2,11103922
DLR0028,Nis-M265,BR1075,DT01096,1,946626
DLR0031,Nis-M268,BR1105,DT01099,3,2349414
DLR0033,Nis-M270,BR1125,DT01101,2,5501066
DLR0034,Sko-M271,BR1135,DT01102,2,15299630
DLR0035,Sko-M272,BR1145,DT01103,1,573260
DLR0036,Sko-M273,BR1155,DT01104,2,6991308
DLR0037,Sko-M274,BR1165,DT01105,1,4594208
DLR0038,Mit-M275,BR1175,DT01106,3,6379479
DLR0040,Mit-M277,BR1195,DT01108,2,12731434
DLR0041,BMW-M1,BR1205,DT01109,3,20119176
DLR0042,BMW-M2,BR1215,DT01110,3,12564672
DLR0044,BMW-M4,BR1235,DT01112,2,7034814
DLR0045,BMW-M5,BR1245,DT01113,1,3141089
DLR0046,Mer-M6,BR1255,DT01114,2,4815214
DLR0048,Mer-M8,BR1275,DT01116,1,1681622
DLR0050,Jee-M10,BR1295,DT01118,2,14558850
DLR0051,Jee-M11,BR1305,DT01119,3,4375707
DLR0052,Jee-M12,BR1315,DT01120,3,6981696
DLR0053,Jee-M13,BR1325,DT01121,2,11820578
DLR0057,For-M17,BR1365,DT01125,1,1729269
DLR0060,For-M20,BR1395,DT01128,2,3826662
DLR0061,For-M21,BR1405,DT01129,1,8119439
DLR0063,For-M23,BR1425,DT01131,3,19571838
DLR0064,For-M24,BR1435,DT01132,1,8184657
DLR0065,For-M25,BR1445,DT01133,2,17788070
DLR0066,For-M26,BR1455,DT01134,2,5109932
DLR0067,Lin-M27,BR1465,DT01135,2,756130
DLR0068,Lin-M28,BR1475,DT01136,2,14722240
DLR0069,Lin-M29,BR1485,DT01137,1,6430716
DLR0070,Lin-M30,BR1495,DT01138,1,3396415
DLR0072,Cad-M32,BR1515,DT01140,3,14614923
DLR0073,Cad-M33,BR1525,DT01141,1,5345219
DLR0075,Cad-M35,BR1545,DT01143,2,11312878
DLR0076,Cad-M36,BR1555,DT01144,3,20868240
DLR0077,Cad-M37,BR1565,DT01145,3,14383581
DLR0078,Cad-M38,BR1575,DT01146,1,8234393
DLR0079,Cad-M39,BR1585,DT01147,1,2785750
DLR0080,Che-M40,BR1595,DT01148,1,7968813
DLR0081,Che-M41,BR1605,DT01149,3,2656854
DLR0082,Che-M42,BR1615,DT01150,3,16927332
DLR0083,Che-M43,BR1625,DT01151,3,5608623
DLR0084,Che-M44,BR1635,DT01152,3,7473819
DLR0086,Che-M46,BR1655,DT01154,2,15077118
DLR0087,Che-M47,BR1665,DT01155,1,7622398
DLR0089,Che-M49,BR1685,DT01157,1,2232010
DLR0092,GMC-M52,BR1715,DT01160,2,10283534
DLR0093,GMC-M53,BR1725,DT01161,1,3508984
DLR0094,GMC-M54,BR1735,DT01162,3,8238429
DLR0095,GMC-M55,BR1745,DT01163,2,19930602
DLR0096,GMC-M56,BR1755,DT01164,2,19774090
DLR0097,GMC-M57,BR1765,DT01165,3,16250655
DLR0099,Acu-M59,BR1785,DT01167,3,8656704
DLR0100,Acu-M60,BR1795,DT01168,3,3338625
DLR0101,Acu-M61,BR1805,DT01169,1,6868940
DLR0102,Acu-M62,BR1815,DT01170,1,9592556
DLR0104,Hon-M64,BR1835,DT01172,2,18031704
DLR0105,Hon-M65,BR1845,DT01173,3,19645278
DLR0106,Hon-M66,BR1855,DT01174,3,12924729
DLR0107,Hon-M67,BR1865,DT01175,3,17791749
DLR0108,Hon-M68,BR1875,DT01176,2,2569118
DLR0110,Hon-M70,BR1895,DT01178,2,13877574
DLR0111,Hon-M71,BR1905,DT01179,3,26277687
DLR0112,Hyu-M72,BR1915,DT01180,1,2145815
DLR0113,Hyu-M73,BR1925,DT01181,2,7259016
DLR0114,Hyu-M74,BR1935,DT01182,2,1988116
DLR0115,Hyu-M75,BR1945,DT01183,2,15778162
DLR0116,Kia-M76,BR1955,DT01184,3,2167212
DLR0117,Kia-M77,BR1965,DT01185,2,9918502
DLR0118,Kia-M78,BR1975,DT01186,3,12487035
DLR0119,Inf-M79,BR1985,DT01187,2,1185524
DLR0121,Nis-M81,BR2005,DT01189,3,29104182
DLR0123,Nis-M83,BR2025,DT01191,1,6607616
DLR0124,Nis-M84,BR2035,DT01192,2,11136476
DLR0125,Nis-M85,BR2045,DT01193,2,8087798
DLR0127,Nis-M87,BR2065,DT01195,1,5761937
DLR0128,Nis-M88,BR2075,DT01196,2,5248404
DLR0129,Nis-M89,BR2085,DT01197,3,8997126
DLR0130,Riv-M90,BR2095,DT01198,3,14384055
DLR0131,Riv-M91,BR2105,DT01199,3,9851706
DLR0132,Sub-M92,BR2115,DT01200,2,18425982
DLR0133,Sub-M93,BR2125,DT01201,1,8790030
DLR0134,Sub-M94,BR2135,DT01202,2,8253262
DLR0136,Tes-M96,BR2155,DT01204,3,11171496
DLR0137,Tes-M97,BR2165,DT01205,3,26413749
DLR0138,Tes-M98,BR2175,DT01206,1,8877463
DLR0139,Lex-M99,BR2185,DT01207,3,20577474
DLR0140,Toy-M100,BR2195,DT01208,2,15681306
DLR0143,Toy-M103,BR2225,DT01211,1,9042719
DLR0145,Toy-M105,BR2245,DT01213,2,8064714
DLR0148,Vol-M108,BR2275,DT01216,2,17151476
DLR0149,Vol-M109,BR2285,DT01217,2,13073782
DLR0150,Vol-M110,BR2295,DT01218,3,16770687
DLR0151,Agr-M111,BR2305,DT01219,2,18708022
DLR0152,Agr-M112,BR2315,DT01220,3,18804507
DLR0154,Che-M114,BR2335,DT01222,3,28867227
DLR0155,Cit-M115,BR2345,DT01223,2,17266956
DLR0156,Cit-M116,BR2355,DT01224,2,18011674
DLR0158,Fia-M118,BR2375,DT01226,1,7855838
DLR0159,For-M119,BR2385,DT01227,1,2413373
DLR0160,Hon-M120,BR2395,DT01228,2,19441050
DLR0161,Mer-M121,BR2405,DT01229,2,2583356
DLR0162,Mer-M122,BR2415,DT01230,3,10879764
DLR0165,Peu-M125,BR2445,DT01233,1,4188963
DLR0166,Peu-M126,BR2455,DT01234,3,23079612
DLR0168,Ren-M128,BR0006,DT01236,3,12971088
DLR0169,Ren-M129,BR0066,DT01237,1,693559
DLR0170,Ren-M130,BR0126,DT01238,2,8445560
DLR0171,Ren-M131,BR0186,DT01239,1,7078128
DLR0173,Toy-M133,BR0306,DT01241,3,12612492
DLR0175,Vol-M135,BR0426,DT01243,1,7718804
DLR0176,Vol-M136,BR0486,DT01244,1,9950264
DLR0177,Mar-M137,BR0546,DT01245,2,11543998
DLR0178,Mar-M138,BR0606,DT01246,3,14029425
DLR0179,Mar-M139,BR0666,DT01247,2,16170344
DLR0180,Mar-M140,BR0726,DT00001,2,13271070
DLR0181,Mar-M141,BR0786,DT00002,1,8540194
DLR0182,Mar-M142,BR0846,DT00003,1,2183688
DLR0183,Mar-M143,BR0906,DT00004,3,24336876
DLR0184,Mar-M144,BR0966,DT00005,1,9830183
DLR0185,Mar-M145,BR1026,DT00006,2,5461590
DLR0186,Mar-M146,BR1086,DT00007,1,1457835
DLR0187,Mar-M147,BR1146,DT00008,1,9112182
DLR0189,Mar-M149,BR1266,DT00010,3,12944730
DLR0190,Mar-M150,BR1326,DT00011,2,18991178
DLR0191,Mar-M151,BR1386,DT00012,2,19849948
DLR0195,Hyu-M155,BR1626,DT00016,3,5978034
DLR0196,Hyu-M156,BR1686,DT00017,3,15457020
DLR0197,Hyu-M157,BR1746,DT00018,2,16878962
DLR0202,Hyu-M162,BR2046,DT00023,3,1826850
DLR0203,Hyu-M163,BR2106,DT00024,2,19924618
DLR0204,Hyu-M164,BR2166,DT00025,3,19297413
DLR0205,Mah-M165,BR2226,DT00026,3,28208490
DLR0206,Mah-M166,BR2286,DT00027,2,6614970
DLR0207,Mah-M167,BR2346,DT00028,1,4767401
DLR0208,Mah-M168,BR2406,DT00029,3,28263645
DLR0210,Mah-M170,BR2526,DT00031,3,14716257
DLR0211,Mah-M171,BR2586,DT00032,1,9868520
DLR0212,Mah-M172,BR2646,DT00033,1,9820202
DLR0213,Mah-M173,BR2706,DT00034,3,19708557
DLR0214,Mah-M174,BR2766,DT00035,1,5427166
DLR0216,Mah-M176,BR2886,DT00037,1,9203891
DLR0217,Mah-M177,BR2946,DT00038,3,15240213
DLR0218,Mah-M178,BR3006,DT00039,1,7776326
DLR0219,Tat-M179,BR3066,DT00040,2,7996640
DLR0221,Tat-M181,BR3186,DT00042,1,2295360
DLR0222,Tat-M182,BR3246,DT00043,2,16485056
DLR0223,Tat-M183,BR3306,DT00044,2,10765934
DLR0225,Tat-M185,BR3426,DT00046,1,2642509
DLR0227,Tat-M187,BR3546,DT00048,3,21399438
DLR0228,Tat-M188,BR3606,DT00049,1,7469629
DLR0229,Tat-M189,BR3666,DT00050,2,13010454
DLR0230,Tat-M190,BR3726,DT00051,3,24662301
DLR0231,Tat-M191,BR3786,DT00052,3,3216435
DLR0233,Tat-M193,BR3906,DT00054,3,2525202
DLR0234,Tat-M194,BR3966,DT00055,3,2842308
DLR0235,Toy-M195,BR4026,DT00056,1,9181555
DLR0236,Toy-M196,BR4086,DT00057,1,8914250
DLR0237,Toy-M197,BR4146,DT00058,1,5805602
DLR0239,Toy-M199,BR4266,DT00060,1,8004269
DLR0241,Toy-M201,BR4386,DT00062,2,2523098
DLR0242,Toy-M202,BR4446,DT00063,1,2015710
DLR0244,Toy-M204,BR4566,DT00065,3,5885517
DLR0245,Toy-M205,BR4626,DT00066,2,12723726
DLR0246,Toy-M206,BR4686,DT00067,3,29237313
DLR0247,Ren-M207,BR4746,DT00068,3,7152297
DLR0248,Ren-M208,BR4806,DT00069,1,8393822
DLR0250,Ren-M210,BR4926,DT00071,1,3816910
DLR0251,Ren-M211,BR4986,DT00072,3,20137029
DLR0252,Kia-M212,BR5046,DT00073,1,2136358
DLR0253,Kia-M213,BR5106,DT00074,3,19993293
DLR0255,Hon-M215,BR5226,DT00076,3,2688075
DLR0257,Hon-M217,BR5346,DT00078,2,15763710
DLR0258,Hon-M218,BR5406,DT00079,3,20585610
DLR0259,Hon-M219,BR5466,DT00080,3,29960037
DLR0261,For-M221,BR5586,DT00082,2,18848868
DLR0262,For-M222,BR5646,DT00083,1,9899360
DLR0263,For-M223,BR5706,DT00084,3,3796026
DLR0265,For-M225,BR5826,DT00086,1,5408464
DLR0266,For-M226,BR5886,DT00087,1,1832463
DLR0267,Aud-M227,BR5946,DT00088,1,389981
DLR0001,Aud-M228,BR6006,DT00089,1,5184332
DLR0002,Aud-M229,BR6066,DT00090,2,4383190
DLR0003,Aud-M230,BR6126,DT00091,3,481608
DLR0004,Aud-M231,BR6186,DT00092,1,6037333
DLR0005,Aud-M232,BR6246,DT00093,2,2942646
DLR0006,Aud-M233,BR6306,DT00094,2,3583528
DLR0007,Aud-M234,BR6366,DT00095,2,19516300
DLR0008,Aud-M235,BR6426,DT00096,2,1962018
DLR0009,Aud-M236,BR6486,DT00097,2,14356532
DLR0010,Aud-M237,BR6546,DT00098,3,28109448
DLR0011,Aud-M238,BR6606,DT00099,3,8242881
DLR0014,Aud-M241,BR6786,DT00102,3,8995284
DLR0015,BMW-M242,BR6846,DT00103,1,834966
DLR0017,BMW-M244,BR6966,DT00105,1,6274137
DLR0018,BMW-M245,BR7026,DT00106,1,1996244
DLR0020,BMW-M247,BR7146,DT00108,3,18775617
DLR0022,BMW-M249,BR7266,DT00110,3,17412957
DLR0023,BMW-M250,BR7326,DT00111,1,3669774
DLR0024,MG-M251,BR7386,DT00112,2,1355190
DLR0025,MG-M252,BR7446,DT00113,3,3552093
DLR0026,Jee-M253,BR7506,DT00114,2,13876546
DLR0029,Vol-M256,BR7686,DT00117,1,471533
DLR0030,Vol-M257,BR7746,DT00118,2,14482858
DLR0031,Vol-M258,BR7806,DT00119,3,11927904
DLR0032,Vol-M259,BR7866,DT00120,2,16886348
DLR0033,Vol-M260,BR7926,DT00121,2,19550380
DLR0034,Nis-M261,BR7986,DT00122,3,17277864
DLR0035,Nis-M262,BR8046,DT00123,2,18919476
DLR0036,Nis-M263,BR8106,DT00124,2,16518360
DLR0038,Nis-M265,BR8226,DT00126,2,9128122
DLR0039,Nis-M266,BR8286,DT00127,3,22319748
DLR0041,Nis-M268,BR8406,DT00129,1,7003696
DLR0042,Nis-M269,BR8466,DT00130,1,4068964
DLR0044,Sko-M271,BR8586,DT00132,2,17998402
DLR0045,Sko-M272,BR8646,DT00133,3,18672717
DLR0046,Sko-M273,BR8706,DT00134,2,6318758
DLR0047,Sko-M274,BR8766,DT00135,1,5507437
DLR0048,Mit-M275,BR8826,DT00136,2,2528334
DLR0049,Mit-M276,BR8886,DT00137,1,3302523
DLR0050,Mit-M277,BR8946,DT00138,3,19257888
DLR0052,BMW-M2,BR9066,DT00140,3,27599916
DLR0053,BMW-M3,BR9126,DT00141,1,3120257
DLR0054,BMW-M4,BR9186,DT00142,2,7038770
DLR0055,BMW-M5,BR9246,DT00143,1,310377
DLR0056,Mer-M6,BR9306,DT00144,3,13147494
DLR0058,Mer-M8,BR9426,DT00146,3,6880572
DLR0059,Dod-M9,BR9486,DT00147,2,14054108
DLR0060,Jee-M10,BR9546,DT00148,1,7223451
DLR0062,Jee-M12,BR9666,DT00150,3,22093020
DLR0063,Jee-M13,BR9726,DT00151,3,22372413
DLR0064,Ram-M14,BR9786,DT00152,2,3249720
DLR0065,Ram-M15,BR9846,DT00153,3,6149964
DLR0067,For-M17,BR9966,DT00155,1,1826432
DLR0068,For-M18,BR10026,DT00156,1,1287088
DLR0069,For-M19,BR10086,DT00157,2,19539196
DLR0070,For-M20,BR10146,DT00158,2,14208710
DLR0071,For-M21,BR10206,DT00159,2,14538244
DLR0073,For-M23,BR10326,DT00161,2,14987548
DLR0074,For-M24,BR10386,DT00162,3,17253633
DLR0075,For-M25,BR10446,DT00163,2,6639066
DLR0076,For-M26,BR10506,DT00164,1,1784735
DLR0077,Lin-M27,BR10566,DT00165,1,3027222
DLR0078,Lin-M28,BR10626,DT00166,2,7448026
DLR0079,Lin-M29,BR10686,DT00167,3,18270696
DLR0080,Lin-M30,BR10746,DT00168,2,1331514
DLR0081,Bui-M31,BR10806,DT00169,2,18667524
DLR0084,Cad-M34,BR10986,DT00172,2,5803186
DLR0086,Cad-M36,BR11106,DT00174,1,4118441
DLR0089,Cad-M39,BR11286,DT00177,3,6676518
DLR0091,Che-M41,BR11406,DT00179,2,341128
DLR0092,Che-M42,BR11466,DT00180,3,14865483
DLR0093,Che-M43,BR11526,DT00181,2,18326772
DLR0094,Che-M44,BR11586,DT00182,3,3413709
DLR0095,Che-M45,BR11646,DT00183,1,8817572
DLR0096,Che-M46,BR11706,DT00184,1,8765382
DLR0098,Che-M48,BR11826,DT00186,2,11941370
DLR0100,Che-M50,BR11946,DT00188,3,4533018
DLR0101,Che-M51,BR12006,DT00189,3,9179190
DLR0103,GMC-M53,BR12126,DT00191,2,17232402
DLR0104,GMC-M54,BR12186,DT00192,2,8025442
DLR0105,GMC-M55,BR12246,DT00193,2,7964170
DLR0106,GMC-M56,BR12306,DT00194,2,19630850
DLR0107,GMC-M57,BR12366,DT00195,2,8636598
DLR0109,Acu-M59,BR12486,DT00197,3,12894642
DLR0111,Acu-M61,BR12606,DT00199,1,3510889
DLR0112,Acu-M62,BR12666,DT00200,2,10668876
DLR0114,Hon-M64,BR12786,DT00202,1,8184342
DLR0116,Hon-M66,BR12906,DT00204,1,2525831
DLR0117,Hon-M67,BR12966,DT00205,3,9155025
DLR0118,Hon-M68,BR13026,DT00206,3,14888976
DLR0119,Hon-M69,BR13086,DT00207,3,22958067
DLR0122,Hyu-M72,BR13266,DT00210,1,2488763
DLR0123,Hyu-M73,BR13326,DT00211,1,2594596
DLR0124,Hyu-M74,BR13386,DT00212,2,5609846
DLR0126,Kia-M76,BR13506,DT00214,1,7842499
DLR0127,Kia-M77,BR13566,DT00215,1,5798275
DLR0128,Kia-M78,BR13626,DT00216,2,1011480
DLR0129,Inf-M79,BR13686,DT00217,3,2298897
DLR0130,Nis-M80,BR13746,DT00218,3,16207740
DLR0131,Nis-M81,BR13806,DT00219,2,15426514
DLR0133,Nis-M83,BR13926,DT00221,3,5885097
DLR0134,Nis-M84,BR13986,DT00222,1,4328047
DLR0135,Nis-M85,BR14046,DT00223,1,4067332
DLR0136,Nis-M86,BR14106,DT00224,2,19215370
DLR0137,Nis-M87,BR14166,DT00225,3,4002375
DLR0138,Nis-M88,BR14226,DT00226,3,21753009
DLR0141,Riv-M91,BR14406,DT00229,2,902716
DLR0143,Sub-M93,BR14526,DT00231,2,11154554
DLR0144,Sub-M94,BR14586,DT00232,2,9566388
DLR0145,Sub-M95,BR14646,DT00233,3,11159985
DLR0146,Tes-M96,BR14706,DT00234,2,13963694
DLR0147,Tes-M97,BR14766,DT00235,3,18803154
DLR0149,Lex-M99,BR0017,DT00237,2,5059144
DLR0150,Toy-M100,BR0027,DT00238,3,6594996
DLR0151,Toy-M101,BR0037,DT00239,1,7525079
DLR0152,Toy-M102,BR0047,DT00240,1,3120075
DLR0153,Toy-M103,BR0057,DT00241,2,3735254
DLR0154,Toy-M104,BR0067,DT00242,3,26303979
DLR0155,Toy-M105,BR0077,DT00243,1,9867107
DLR0156,Toy-M106,BR0087,DT00244,3,17859966
DLR0159,Vol-M109,BR0117,DT00247,3,2968140
DLR0160,Vol-M110,BR0127,DT00248,3,20375646
DLR0167,Fia-M117,BR0197,DT00255,1,725867
DLR0169,For-M119,BR0217,DT00257,2,10376068
DLR0170,Hon-M120,BR0227,DT00258,2,18432684
DLR0171,Mer-M121,BR0237,DT00259,2,1862934
DLR0172,Mer-M122,BR0247,DT00260,3,29679627
DLR0174,Peu-M124,BR0267,DT00262,3,5701857
DLR0175,Peu-M125,BR0277,DT00263,3,6271023
DLR0177,Ren-M127,BR0297,DT00265,3,2855670
DLR0179,Ren-M129,BR0317,DT00267,2,7980454
DLR0181,Ren-M131,BR0337,DT00269,2,13498826
DLR0182,Ren-M132,BR0347,DT00270,1,809825
DLR0183,Toy-M133,BR0357,DT00271,2,2136798
DLR0184,Toy-M134,BR0367,DT00272,2,16953594
DLR0186,Vol-M136,BR0387,DT00274,1,8465856
DLR0187,Mar-M137,BR0397,DT00275,3,6771021
DLR0188,Mar-M138,BR0407,DT00276,3,18944259
DLR0189,Mar-M139,BR0417,DT00277,1,4192176
DLR0190,Mar-M140,BR0427,DT00278,1,9894550
DLR0192,Mar-M142,BR0447,DT00280,2,6106050
DLR0193,Mar-M143,BR0457,DT00281,3,28280070
DLR0195,Mar-M145,BR0477,DT00283,2,16191680
DLR0196,Mar-M146,BR0487,DT00284,3,16722777
DLR0197,Mar-M147,BR0497,DT00285,1,8911209
DLR0199,Mar-M149,BR0517,DT00287,2,797190
DLR0200,Mar-M150,BR0527,DT00288,2,2783942
DLR0201,Mar-M151,BR0537,DT00289,2,1887134
DLR0204,Hyu-M154,BR0567,DT00292,1,3528405
DLR0205,Hyu-M155,BR0577,DT00293,1,6933494
DLR0208,Hyu-M158,BR0607,DT00296,2,13525848
DLR0209,Hyu-M159,BR0617,DT00297,3,24713088
DLR0210,Hyu-M160,BR0627,DT00298,1,7651808
DLR0211,Hyu-M161,BR0637,DT00299,3,3954015
DLR0212,Hyu-M162,BR0647,DT00300,1,1334466
DLR0213,Hyu-M163,BR0657,DT00301,3,27226500
DLR0214,Hyu-M164,BR0667,DT00302,2,12290682
DLR0216,Mah-M166,BR0687,DT00304,2,3111980
DLR0217,Mah-M167,BR0697,DT00305,2,14231444
DLR0218,Mah-M168,BR0707,DT00306,1,6895348
DLR0219,Mah-M169,BR0717,DT00307,1,2346754
DLR0220,Mah-M170,BR0727,DT00308,3,17938848
DLR0222,Mah-M172,BR0747,DT00310,3,5314854
DLR0223,Mah-M173,BR0757,DT00311,1,1437634
DLR0224,Mah-M174,BR0767,DT00312,2,4358908
DLR0226,Mah-M176,BR0787,DT00314,1,2805178
DLR0227,Mah-M177,BR0797,DT00315,1,8396297
DLR0228,Mah-M178,BR0807,DT00316,2,5712936
DLR0229,Tat-M179,BR0817,DT00317,1,8465900
DLR0230,Tat-M180,BR0827,DT00318,2,3946992
DLR0231,Tat-M181,BR0837,DT00319,1,9116480
DLR0233,Tat-M183,BR0857,DT00321,1,8238927
DLR0234,Tat-M184,BR0867,DT00322,1,255660
DLR0235,Tat-M185,BR0877,DT00323,3,24145992
DLR0237,Tat-M187,BR0897,DT00325,2,7940970
DLR0238,Tat-M188,BR0907,DT00326,2,4438278
DLR0239,Tat-M189,BR0917,DT00327,3,17029410
DLR0240,Tat-M190,BR0927,DT00328,1,4010877
DLR0242,Tat-M192,BR0947,DT00330,2,3118018
DLR0244,Tat-M194,BR0967,DT00332,3,1911273
DLR0246,Toy-M196,BR0987,DT00334,2,13406360
DLR0247,Toy-M197,BR0997,DT00335,2,2021596
DLR0249,Toy-M199,BR1017,DT00337,3,16918773
DLR0250,Toy-M200,BR1027,DT00338,2,17649146
DLR0251,Toy-M201,BR1037,DT00339,3,7217151
DLR0252,Toy-M202,BR1047,DT00340,3,8097915
DLR0254,Toy-M204,BR1067,DT00342,3,12080535
DLR0255,Toy-M205,BR1077,DT00343,1,3951769
DLR0256,Toy-M206,BR1087,DT00344,1,1512679
DLR0258,Ren-M208,BR1107,DT00346,1,4359082
DLR0259,Ren-M209,BR1117,DT00347,3,3086199
DLR0260,Ren-M210,BR1127,DT00348,3,20558646
DLR0261,Ren-M211,BR1137,DT00349,2,10784660
DLR0262,Kia-M212,BR1147,DT00350,2,17356910
DLR0263,Kia-M213,BR1157,DT00351,2,4808656
DLR0264,Kia-M214,BR1167,DT00352,3,17273871
DLR0265,Hon-M215,BR1177,DT00353,3,7818633
DLR0267,Hon-M217,BR1197,DT00355,3,15725676
DLR0001,Hon-M218,BR1207,DT00356,3,20098230
DLR0002,Hon-M219,BR1217,DT00357,1,1171358
DLR0003,Hon-M220,BR1227,DT00358,1,8153345
DLR0005,For-M222,BR1247,DT00360,1,2503041
DLR0007,For-M224,BR1267,DT00362,1,4852780
DLR0008,For-M225,BR1277,DT00363,3,8105433
DLR0009,For-M226,BR1287,DT00364,1,6950547
DLR0011,Aud-M228,BR1307,DT00366,2,13947848
DLR0012,Aud-M229,BR1317,DT00367,2,14458628
DLR0015,Aud-M232,BR1347,DT00370,1,8461623
DLR0018,Aud-M235,BR1377,DT00373,3,23525034
DLR0020,Aud-M237,BR1397,DT00375,1,798371
DLR0021,Aud-M238,BR1407,DT00376,2,616018
DLR0022,Aud-M239,BR1417,DT00377,2,18812372
DLR0025,BMW-M242,BR1447,DT00380,3,27486141
DLR0026,BMW-M243,BR1457,DT00381,3,19645242
DLR0027,BMW-M244,BR1467,DT00382,2,10043608
DLR0028,BMW-M245,BR1477,DT00383,2,6392002
DLR0031,BMW-M248,BR1507,DT00386,2,19477396
DLR0033,BMW-M250,BR1527,DT00388,1,5028079
DLR0035,MG-M252,BR1547,DT00390,1,8513511
DLR0036,Jee-M253,BR1557,DT00391,1,6605147
DLR0037,Jee-M254,BR1567,DT00392,3,14125293
DLR0038,Vol-M255,BR1577,DT00393,1,672494
DLR0040,Vol-M257,BR1597,DT00395,1,1862253
DLR0042,Vol-M259,BR1617,DT00397,2,2398282
DLR0044,Nis-M261,BR1637,DT00399,1,1966407
DLR0045,Nis-M262,BR1647,DT00400,2,19984848
DLR0046,Nis-M263,BR1657,DT00401,2,12520536
DLR0047,Nis-M264,BR1667,DT00402,1,1418879
DLR0048,Nis-M265,BR1677,DT00403,1,3744641
DLR0049,Nis-M266,BR1687,DT00404,3,6453537
DLR0050,Nis-M267,BR1697,DT00405,3,16504464
DLR0052,Nis-M269,BR1717,DT00407,3,7134171
DLR0053,Nis-M270,BR1727,DT00408,2,11337774
DLR0054,Sko-M271,BR1737,DT00409,3,28847274
DLR0055,Sko-M272,BR1747,DT00410,3,5889531
DLR0056,Sko-M273,BR1757,DT00411,1,9245748
DLR0058,Mit-M275,BR1777,DT00413,3,13058781
DLR0059,Mit-M276,BR1787,DT00414,1,8270331
DLR0060,Mit-M277,BR1797,DT00415,2,6803236
DLR0061,BMW-M1,BR1807,DT00416,1,110318
DLR0063,BMW-M3,BR1827,DT00418,3,18880437
DLR0064,BMW-M4,BR1837,DT00419,1,5822465
DLR0065,BMW-M5,BR1847,DT00420,2,13403368
DLR0067,Mer-M7,BR1867,DT00422,2,14208170
DLR0068,Mer-M8,BR1877,DT00423,1,5502771
DLR0069,Dod-M9,BR1887,DT00424,3,28322907
DLR0070,Jee-M10,BR1897,DT00425,1,7370323
DLR0072,Jee-M12,BR1917,DT00427,3,24232686
DLR0073,Jee-M13,BR1927,DT00428,3,10997361
DLR0074,Ram-M14,BR1937,DT00429,2,7504486
DLR0075,Ram-M15,BR1947,DT00430,1,8652050
DLR0076,For-M16,BR1957,DT00431,2,1905414
DLR0077,For-M17,BR1967,DT00432,2,12790714
DLR0078,For-M18,BR1977,DT00433,3,13301616
DLR0079,For-M19,BR1987,DT00434,1,5928623
DLR0081,For-M21,BR2007,DT00436,3,15373923
DLR0082,For-M22,BR2017,DT00437,3,11257083
DLR0083,For-M23,BR2027,DT00438,3,27373935
DLR0084,For-M24,BR2037,DT00439,1,8358033
DLR0085,For-M25,BR2047,DT00440,3,26346189
DLR0086,For-M26,BR2057,DT00441,2,12706496
DLR0087,Lin-M27,BR2067,DT00442,3,25757136
DLR0088,Lin-M28,BR2077,DT00443,1,7074852
DLR0089,Lin-M29,BR2087,DT00444,3,26693064
DLR0090,Lin-M30,BR2097,DT00445,3,26242311
DLR0091,Bui-M31,BR2107,DT00446,3,319035
DLR0092,Cad-M32,BR2117,DT00447,3,17715573
DLR0094,Cad-M34,BR2137,DT00449,2,19753406
DLR0095,Cad-M35,BR2147,DT00450,1,3814214
DLR0096,Cad-M36,BR2157,DT00451,1,9656742
DLR0097,Cad-M37,BR2167,DT00452,3,11823756
DLR0098,Cad-M38,BR2177,DT00453,1,1107889
DLR0099,Cad-M39,BR2187,DT00454,2,554686
DLR0100,Che-M40,BR2197,DT00455,2,7974634
DLR0101,Che-M41,BR2207,DT00456,1,5710352
DLR0102,Che-M42,BR2217,DT00457,3,3453486
DLR0104,Che-M44,BR2237,DT00459,3,6961332
DLR0105,Che-M45,BR2247,DT00460,2,4942804
DLR0107,Che-M47,BR2267,DT00462,2,7556174
DLR0108,Che-M48,BR2277,DT00463,3,12594525
DLR0109,Che-M49,BR2287,DT00464,3,8888376
DLR0110,Che-M50,BR2297,DT00465,2,11484212
DLR0111,Che-M51,BR2307,DT00466,2,15149418
DLR0112,GMC-M52,BR2317,DT00467,2,8773934
DLR0113,GMC-M53,BR2327,DT00468,1,7221195
DLR0114,GMC-M54,BR2337,DT00469,1,6329743
DLR0115,GMC-M55,BR2347,DT00470,1,1156044
DLR0116,GMC-M56,BR2357,DT00471,1,7530236
DLR0117,GMC-M57,BR2367,DT00472,2,15644564
DLR0118,GMC-M58,BR2377,DT00473,3,11048511
DLR0121,Acu-M61,BR2407,DT00476,1,9777657
DLR0122,Acu-M62,BR2417,DT00477,2,13804728
DLR0123,Acu-M63,BR2427,DT00478,1,1781776
DLR0124,Hon-M64,BR2437,DT00479,3,4315629
DLR0125,Hon-M65,BR2447,DT00480,3,24556629
DLR0126,Hon-M66,BR2457,DT00481,1,8981081
DLR0127,Hon-M67,BR2467,DT00482,2,9819030
DLR0128,Hon-M68,BR0008,DT00483,1,7321228
DLR0129,Hon-M69,BR0018,DT00484,2,17369466
DLR0130,Hon-M70,BR0028,DT00485,3,8355774
DLR0131,Hon-M71,BR0038,DT00486,2,8074050
DLR0132,Hyu-M72,BR0048,DT00487,3,11630901
DLR0133,Hyu-M73,BR0058,DT00488,1,8736224
DLR0134,Hyu-M74,BR0068,DT00489,2,5305198
DLR0135,Hyu-M75,BR0078,DT00490,3,4583883
DLR0137,Kia-M77,BR0098,DT00492,3,18863226
DLR0138,Kia-M78,BR0108,DT00493,2,11722286
DLR0139,Inf-M79,BR0118,DT00494,3,8885904
DLR0140,Nis-M80,BR0128,DT00495,3,5608551
DLR0141,Nis-M81,BR0138,DT00496,3,2279715
DLR0143,Nis-M83,BR0158,DT00498,3,13220313
DLR0144,Nis-M84,BR0168,DT00499,2,19669918
DLR0146,Nis-M86,BR0188,DT00501,1,4681233
DLR0147,Nis-M87,BR0198,DT00502,2,2827664
DLR0148,Nis-M88,BR0208,DT00503,1,8383410
DLR0149,Nis-M89,BR0218,DT00504,3,10046163
DLR0150,Riv-M90,BR0228,DT00505,2,7783188
DLR0154,Sub-M94,BR0268,DT00509,1,8615017
DLR0155,Sub-M95,BR0278,DT00510,3,8648235
DLR0157,Tes-M97,BR0298,DT00512,2,7398132
DLR0158,Tes-M98,BR0308,DT00513,2,18183694
DLR0159,Lex-M99,BR0318,DT00514,2,14293562
DLR0160,Toy-M100,BR0328,DT00515,3,19030767
DLR0161,Toy-M101,BR0338,DT00516,1,2102115
DLR0164,Toy-M104,BR0368,DT00519,2,3153932
DLR0165,Toy-M105,BR0378,DT00520,3,13772301
DLR0166,Toy-M106,BR0388,DT00521,2,12776376
DLR0168,Vol-M108,BR0408,DT00523,3,25448304
DLR0169,Vol-M109,BR0418,DT00524,1,5443287
DLR0171,Agr-M111,BR0438,DT00526,2,2318050
DLR0173,Agr-M113,BR0458,DT00528,2,6787214
DLR0174,Che-M114,BR0468,DT00529,3,27731796
DLR0176,Cit-M116,BR0488,DT00531,3,22175907
DLR0177,Fia-M117,BR0498,DT00532,2,19232882
DLR0180,Hon-M120,BR0528,DT00535,3,23014824
DLR0181,Mer-M121,BR0538,DT00536,1,944356
DLR0184,Peu-M124,BR0568,DT00539,2,19427550
DLR0185,Peu-M125,BR0578,DT00540,3,27378201
DLR0186,Peu-M126,BR0588,DT00541,1,5076554
DLR0187,Ren-M127,BR0598,DT00542,2,4101380
DLR0188,Ren-M128,BR0608,DT00543,2,19488884
DLR0191,Ren-M131,BR0638,DT00546,1,5794861
DLR0193,Toy-M133,BR0658,DT00548,1,6890318
DLR0194,Toy-M134,BR0668,DT00549,3,27673701
DLR0195,Vol-M135,BR0678,DT00550,3,16596822
DLR0196,Vol-M136,BR0688,DT00551,1,6279243
DLR0197,Mar-M137,BR0698,DT00552,3,9190134
DLR0198,Mar-M138,BR0708,DT00553,1,1524042
DLR0199,Mar-M139,BR0718,DT00554,1,6408126
DLR0200,Mar-M140,BR0728,DT00555,1,3565182
DLR0201,Mar-M141,BR0738,DT00556,2,9963706
DLR0202,Mar-M142,BR0748,DT00557,1,4209675
DLR0204,Mar-M144,BR0768,DT00559,3,6336897
DLR0205,Mar-M145,BR0778,DT00560,1,6772522
DLR0207,Mar-M147,BR0798,DT00562,2,230774
DLR0209,Mar-M149,BR0818,DT00564,3,22987824
DLR0210,Mar-M150,BR0828,DT00565,3,14358195
DLR0211,Mar-M151,BR0838,DT00566,1,4394077
DLR0213,Hyu-M153,BR0858,DT00568,3,11212185
DLR0214,Hyu-M154,BR0868,DT00569,1,5808485
DLR0215,Hyu-M155,BR0878,DT00570,2,9184004
DLR0216,Hyu-M156,BR0888,DT00571,2,13917510
DLR0217,Hyu-M157,BR0898,DT00572,3,19615128
DLR0218,Hyu-M158,BR0908,DT00573,3,12742176
DLR0219,Hyu-M159,BR0918,DT00574,1,9618034
DLR0220,Hyu-M160,BR0928,DT00575,3,11531190
DLR0221,Hyu-M161,BR0938,DT00576,2,9244356
DLR0223,Hyu-M163,BR0958,DT00578,3,16851660
DLR0224,Hyu-M164,BR0968,DT00579,2,9416402
DLR0225,Mah-M165,BR0978,DT00580,2,14235956
DLR0226,Mah-M166,BR0988,DT00581,3,26598294
DLR0227,Mah-M167,BR0998,DT00582,3,1392885
DLR0228,Mah-M168,BR1008,DT00583,1,8300430
DLR0230,Mah-M170,BR1028,DT00585,1,8682432
DLR0232,Mah-M172,BR1048,DT00587,3,9541932
DLR0233,Mah-M173,BR1058,DT00588,1,1464319
DLR0234,Mah-M174,BR1068,DT00589,2,14341460
DLR0235,Mah-M175,BR1078,DT00590,2,8873398
DLR0236,Mah-M176,BR1088,DT00591,1,8412846
DLR0237,Mah-M177,BR1098,DT00592,3,12375153
DLR0238,Mah-M178,BR1108,DT00593,1,798600
DLR0239,Tat-M179,BR1118,DT00594,2,773370
DLR0240,Tat-M180,BR1128,DT00595,2,5880062
DLR0241,Tat-M181,BR1138,DT00596,1,9838939
DLR0242,Tat-M182,BR1148,DT00597,1,5429292
DLR0243,Tat-M183,BR1158,DT00598,3,16911087
DLR0244,Tat-M184,BR1168,DT00599,1,7550560
DLR0245,Tat-M185,BR1178,DT00600,3,16935201
DLR0246,Tat-M186,BR1188,DT00601,2,16800074
DLR0247,Tat-M187,BR1198,DT00602,2,18205968
DLR0248,Tat-M188,BR1208,DT00603,3,1115865
DLR0249,Tat-M189,BR1218,DT00604,2,10382696
DLR0250,Tat-M190,BR1228,DT00605,2,19307094
DLR0251,Tat-M191,BR1238,DT00606,1,9139185
DLR0252,Tat-M192,BR1248,DT00607,3,1910037
DLR0253,Tat-M193,BR1258,DT00608,1,8419928
DLR0254,Tat-M194,BR1268,DT00609,3,5687952
DLR0256,Toy-M196,BR1288,DT00611,2,16395304
DLR0257,Toy-M197,BR1298,DT00612,1,2414785
DLR0259,Toy-M199,BR1318,DT00614,2,6984864
DLR0260,Toy-M200,BR1328,DT00615,1,9647960
DLR0261,Toy-M201,BR1338,DT00616,1,2319903
DLR0262,Toy-M202,BR1348,DT00617,1,6633454
DLR0263,Toy-M203,BR1358,DT00618,2,736620
DLR0265,Toy-M205,BR1378,DT00620,2,19976336
DLR0266,Toy-M206,BR1388,DT00621,1,7415464
DLR0267,Ren-M207,BR1398,DT00622,3,2679588
DLR0001,Ren-M208,BR1408,DT00623,1,7905878
DLR0002,Ren-M209,BR1418,DT00624,2,9731832
DLR0003,Ren-M210,BR1428,DT00625,3,15259797
DLR0004,Ren-M211,BR1438,DT00626,2,8532678
DLR0005,Kia-M212,BR1448,DT00627,2,19710144
DLR0009,Hon-M216,BR1488,DT00631,1,6450877
DLR0010,Hon-M217,BR1498,DT00632,2,10324128
DLR0012,Hon-M219,BR1518,DT00634,2,17408562
DLR0013,Hon-M220,BR1528,DT00635,1,4380506
DLR0016,For-M223,BR1558,DT00638,1,7008640
DLR0017,For-M224,BR1568,DT00639,2,11398706
DLR0018,For-M225,BR1578,DT00640,2,18586362
DLR0019,For-M226,BR1588,DT00641,2,2519270
DLR0020,Aud-M227,BR1598,DT00642,3,24839778
DLR0021,Aud-M228,BR1608,DT00643,2,16979252
DLR0022,Aud-M229,BR1618,DT00644,1,3506007
DLR0023,Aud-M230,BR1628,DT00645,1,4374748
DLR0024,Aud-M231,BR1638,DT00646,1,9519982
DLR0026,Aud-M233,BR1658,DT00648,2,1106300
DLR0027,Aud-M234,BR1668,DT00649,1,8297402
DLR0028,Aud-M235,BR1678,DT00650,3,26759610
DLR0029,Aud-M236,BR1688,DT00651,2,7263872
DLR0031,Aud-M238,BR1708,DT00653,2,8014856
DLR0032,Aud-M239,BR1718,DT00654,2,6479302
DLR0033,Aud-M240,BR1728,DT00655,3,25750338
DLR0036,BMW-M243,BR1758,DT00658,3,10055328
DLR0037,BMW-M244,BR1768,DT00659,2,12209884
DLR0038,BMW-M245,BR1778,DT00660,1,2603689
DLR0039,BMW-M246,BR1788,DT00661,2,6966456
DLR0040,BMW-M247,BR1798,DT00662,1,3862100
DLR0041,BMW-M248,BR1808,DT00663,2,19749408
DLR0043,BMW-M250,BR1828,DT00665,3,24097389
DLR0044,MG-M251,BR1838,DT00666,3,26285466
DLR0046,Jee-M253,BR1858,DT00668,3,21108186
DLR0047,Jee-M254,BR1868,DT00669,3,8652921
DLR0048,Vol-M255,BR1878,DT00670,3,27904578
DLR0049,Vol-M256,BR1888,DT00671,3,12101712
DLR0051,Vol-M258,BR1908,DT00673,1,4800009
DLR0052,Vol-M259,BR1918,DT00674,1,2533330
DLR0053,Vol-M260,BR1928,DT00675,3,28693191
DLR0054,Nis-M261,BR1938,DT00676,2,12812390
DLR0055,Nis-M262,BR1948,DT00677,3,23656572
DLR0056,Nis-M263,BR1958,DT00678,1,3679016
DLR0057,Nis-M264,BR1968,DT00679,2,18662240
DLR0058,Nis-M265,BR1978,DT00680,3,11539143
DLR0059,Nis-M266,BR1988,DT00681,2,6686346
DLR0060,Nis-M267,BR1998,DT00682,3,7781997
DLR0061,Nis-M268,BR2008,DT00683,3,12162555
DLR0062,Nis-M269,BR2018,DT00684,1,6506846
DLR0063,Nis-M270,BR2028,DT00685,3,18681285
DLR0065,Sko-M272,BR2048,DT00687,2,14758116
DLR0066,Sko-M273,BR2058,DT00688,1,1490532
DLR0067,Sko-M274,BR2068,DT00689,3,24876672
DLR0069,Mit-M276,BR2088,DT00691,2,14179306
DLR0071,BMW-M1,BR2108,DT00693,3,19362792
DLR0072,BMW-M2,BR2118,DT00694,3,28256700
DLR0073,BMW-M3,BR2128,DT00695,1,7398601
DLR0074,BMW-M4,BR2138,DT00696,1,531557
DLR0075,BMW-M5,BR2148,DT00697,2,311498
DLR0076,Mer-M6,BR2158,DT00698,1,2969225
DLR0077,Mer-M7,BR2168,DT00699,2,14529736
DLR0078,Mer-M8,BR2178,DT00700,2,6100968
DLR0079,Dod-M9,BR2188,DT00701,1,9030055
DLR0080,Jee-M10,BR2198,DT00702,3,10096794
DLR0081,Jee-M11,BR2208,DT00703,3,25524021
DLR0085,Ram-M15,BR2248,DT00707,2,5790416
DLR0086,For-M16,BR2258,DT00708,2,5674660
DLR0088,For-M18,BR2278,DT00710,3,27030327
DLR0089,For-M19,BR2288,DT00711,2,16436052
DLR0091,For-M21,BR2308,DT00713,1,4549470
DLR0092,For-M22,BR2318,DT00714,3,29705004
DLR0094,For-M24,BR2338,DT00716,3,18592218
DLR0095,For-M25,BR2348,DT00717,2,4242946
DLR0096,For-M26,BR2358,DT00718,2,6105596
DLR0097,Lin-M27,BR2368,DT00719,2,6337284
DLR0098,Lin-M28,BR2378,DT00720,3,20192148
DLR0099,Lin-M29,BR2388,DT00721,1,3396379
DLR0103,Cad-M33,BR2428,DT00725,3,18247482
DLR0104,Cad-M34,BR2438,DT00726,3,22956252
DLR0105,Cad-M35,BR2448,DT00727,3,4116309
DLR0107,Cad-M37,BR2468,DT00729,1,3108616
DLR0108,Cad-M38,BR0009,DT00730,2,11379294
DLR0109,Cad-M39,BR0019,DT00731,3,26969532
DLR0110,Che-M40,BR0029,DT00732,1,6158643
DLR0112,Che-M42,BR0049,DT00734,3,28080780
DLR0113,Che-M43,BR0059,DT00735,3,29476512
DLR0114,Che-M44,BR0069,DT00736,1,6723250
DLR0116,Che-M46,BR0089,DT00738,3,25901943
DLR0119,Che-M49,BR0119,DT00741,3,21885834
DLR0120,Che-M50,BR0129,DT00742,3,15086781
DLR0121,Che-M51,BR0139,DT00743,2,15082984
DLR0123,GMC-M53,BR0159,DT00745,1,2964017
DLR0124,GMC-M54,BR0169,DT00746,3,25546332
DLR0125,GMC-M55,BR0179,DT00747,1,9626946
DLR0126,GMC-M56,BR0189,DT00748,3,9127452
DLR0127,GMC-M57,BR0199,DT00749,1,9689140
DLR0129,Acu-M59,BR0219,DT00751,1,9612233
DLR0130,Acu-M60,BR0229,DT00752,3,27840693
DLR0131,Acu-M61,BR0239,DT00753,1,7440984
DLR0132,Acu-M62,BR0249,DT00754,3,6718044
DLR0134,Hon-M64,BR0269,DT00756,2,5905112
DLR0135,Hon-M65,BR0279,DT00757,2,16914626
DLR0137,Hon-M67,BR0299,DT00759,2,4836812
DLR0138,Hon-M68,BR0309,DT00760,3,27140604
DLR0140,Hon-M70,BR0329,DT00762,2,5047944
DLR0141,Hon-M71,BR0339,DT00763,3,23298537
DLR0142,Hyu-M72,BR0349,DT00764,1,7857724
DLR0143,Hyu-M73,BR0359,DT00765,1,7206187
DLR0144,Hyu-M74,BR0369,DT00766,2,10504860
DLR0145,Hyu-M75,BR0379,DT00767,1,8312583
DLR0147,Kia-M77,BR0399,DT00769,3,29480649
DLR0148,Kia-M78,BR0409,DT00770,3,11579523
DLR0149,Inf-M79,BR0419,DT00771,3,16232652
DLR0150,Nis-M80,BR0429,DT00772,2,2767600
DLR0151,Nis-M81,BR0439,DT00773,3,16232316
DLR0153,Nis-M83,BR0459,DT00775,3,24961737
DLR0154,Nis-M84,BR0469,DT00776,1,2658567
DLR0155,Nis-M85,BR0479,DT00777,1,4768559
DLR0158,Nis-M88,BR0509,DT00780,3,17412786
DLR0159,Nis-M89,BR0519,DT00781,1,8061612
DLR0161,Riv-M91,BR0539,DT00783,1,8815047
DLR0163,Sub-M93,BR0559,DT00785,2,14908658
DLR0164,Sub-M94,BR0569,DT00786,2,17420608
DLR0165,Sub-M95,BR0579,DT00787,3,12364917
DLR0167,Tes-M97,BR0599,DT00789,1,2973343
DLR0169,Lex-M99,BR0619,DT00791,1,1071975
DLR0170,Toy-M100,BR0629,DT00792,3,29452029
DLR0172,Toy-M102,BR0649,DT00794,3,27125628
DLR0174,Toy-M104,BR0669,DT00796,1,618530
DLR0177,Toy-M107,BR0699,DT00799,3,23819997
DLR0178,Vol-M108,BR0709,DT00800,3,20266479
DLR0179,Vol-M109,BR0719,DT00801,2,5850798
DLR0181,Agr-M111,BR0739,DT00803,2,17216700
DLR0183,Agr-M113,BR0759,DT00805,2,13809580
DLR0184,Che-M114,BR0769,DT00806,1,1234241
DLR0186,Cit-M116,BR0789,DT00808,2,12179226
DLR0189,For-M119,BR0819,DT00811,3,24029529
DLR0190,Hon-M120,BR0829,DT00812,2,16041212
DLR0191,Mer-M121,BR0839,DT00813,1,4320316
DLR0192,Mer-M122,BR0849,DT00814,3,4298133
DLR0193,Mer-M123,BR0859,DT00815,1,4194435
DLR0195,Peu-M125,BR0879,DT00817,1,6156402
DLR0196,Peu-M126,BR0889,DT00818,2,12845820
DLR0197,Ren-M127,BR0899,DT00819,2,8037818
DLR0198,Ren-M128,BR0909,DT00820,2,12977602
DLR0199,Ren-M129,BR0919,DT00821,2,3687822
DLR0200,Ren-M130,BR0929,DT00822,3,26759202
DLR0201,Ren-M131,BR0939,DT00823,2,19316154
DLR0202,Ren-M132,BR0949,DT00824,3,22871226
DLR0203,Toy-M133,BR0959,DT00825,2,8544438
DLR0204,Toy-M134,BR0969,DT00826,1,8836730
DLR0205,Vol-M135,BR0979,DT00827,1,5550443
DLR0206,Vol-M136,BR0989,DT00828,1,6871871
DLR0207,Mar-M137,BR0999,DT00829,1,6364987
DLR0209,Mar-M139,BR1019,DT00831,2,5745982
DLR0210,Mar-M140,BR1029,DT00832,3,26993892
DLR0211,Mar-M141,BR1039,DT00833,2,11622186
DLR0212,Mar-M142,BR1049,DT00834,1,7574786
DLR0213,Mar-M143,BR1059,DT00835,1,6375040
DLR0215,Mar-M145,BR1079,DT00837,2,14598236
DLR0217,Mar-M147,BR1099,DT00839,3,5741370
DLR0220,Mar-M150,BR1129,DT00842,1,4716180
DLR0222,Mar-M152,BR1149,DT00844,1,394149
DLR0223,Hyu-M153,BR1159,DT00845,2,4377730
DLR0225,Hyu-M155,BR1179,DT00847,1,1863259
DLR0226,Hyu-M156,BR1189,DT00848,1,1397563
DLR0227,Hyu-M157,BR1199,DT00849,3,25054869
DLR0228,Hyu-M158,BR1209,DT00850,1,3475515
DLR0229,Hyu-M159,BR1219,DT00851,3,21112329
DLR0230,Hyu-M160,BR1229,DT00852,3,27943230
DLR0231,Hyu-M161,BR1239,DT00853,3,9632295
DLR0232,Hyu-M162,BR1249,DT00854,1,7324987
DLR0233,Hyu-M163,BR1259,DT00855,1,2398611
DLR0235,Mah-M165,BR1279,DT00857,2,4152994
DLR0236,Mah-M166,BR1289,DT00858,3,2474385
DLR0237,Mah-M167,BR1299,DT00859,1,9875101
DLR0241,Mah-M171,BR1339,DT00863,1,4342526
DLR0242,Mah-M172,BR1349,DT00864,2,5303990
DLR0244,Mah-M174,BR1369,DT00866,2,11406252
DLR0245,Mah-M175,BR1379,DT00867,3,5326101
DLR0247,Mah-M177,BR1399,DT00869,1,5623406
DLR0249,Tat-M179,BR1419,DT00871,1,3424744
DLR0252,Tat-M182,BR1449,DT00874,2,15669614
DLR0253,Tat-M183,BR1459,DT00875,3,10229682
DLR0255,Tat-M185,BR1479,DT00877,2,2777340
DLR0256,Tat-M186,BR1489,DT00878,2,11547286
DLR0257,Tat-M187,BR1499,DT00879,1,7373736
DLR0259,Tat-M189,BR1519,DT00881,2,12844128
DLR0260,Tat-M190,BR1529,DT00882,1,3937331
DLR0262,Tat-M192,BR1549,DT00884,2,5823668
DLR0263,Tat-M193,BR1559,DT00885,3,24960051
DLR0264,Tat-M194,BR1569,DT00886,2,19922738
DLR0265,Toy-M195,BR1579,DT00887,1,6597000
DLR0266,Toy-M196,BR1589,DT00888,1,1526846
DLR0002,Toy-M199,BR1619,DT00891,2,2083892
DLR0003,Toy-M200,BR1629,DT00892,1,575341
DLR0004,Toy-M201,BR1639,DT00893,1,6343528
DLR0005,Toy-M202,BR1649,DT00894,1,2616456
DLR0006,Toy-M203,BR1659,DT00895,3,14117661
DLR0007,Toy-M204,BR1669,DT00896,2,9083644
DLR0008,Toy-M205,BR1679,DT00897,3,4004193
DLR0009,Toy-M206,BR1689,DT00898,1,1200616
DLR0010,Ren-M207,BR1699,DT00899,1,5653611
DLR0011,Ren-M208,BR1709,DT00900,1,1922186
DLR0012,Ren-M209,BR1719,DT00901,3,13290276
DLR0013,Ren-M210,BR1729,DT00902,3,16634625
DLR0014,Ren-M211,BR1739,DT00903,2,8621918
DLR0015,Kia-M212,BR1749,DT00904,1,3605282
DLR0016,Kia-M213,BR1759,DT00905,2,13669080
DLR0017,Kia-M214,BR1769,DT00906,1,9753154
DLR0018,Hon-M215,BR1779,DT00907,2,7404518
DLR0019,Hon-M216,BR1789,DT00908,1,5365482
DLR0020,Hon-M217,BR1799,DT00909,1,6836634
DLR0021,Hon-M218,BR1809,DT00910,1,750595
DLR0023,Hon-M220,BR1829,DT00912,3,14728632
DLR0024,For-M221,BR1839,DT00913,2,5997976
DLR0025,For-M222,BR1849,DT00914,3,29227953
DLR0027,For-M224,BR1869,DT00916,2,14116226
DLR0028,For-M225,BR1879,DT00917,3,29546586
DLR0029,For-M226,BR1889,DT00918,1,2734569
DLR0032,Aud-M229,BR1919,DT00921,2,18341554
DLR0033,Aud-M230,BR1929,DT00922,3,22238241
DLR0034,Aud-M231,BR1939,DT00923,1,8214262
DLR0035,Aud-M232,BR1949,DT00924,3,13940379
DLR0036,Aud-M233,BR1959,DT00925,3,5044983
DLR0037,Aud-M234,BR1969,DT00926,3,3692235
DLR0039,Aud-M236,BR1989,DT00928,2,10034872
DLR0040,Aud-M237,BR1999,DT00929,1,933846
DLR0041,Aud-M238,BR2009,DT00930,2,16171360
DLR0042,Aud-M239,BR2019,DT00931,1,820540
DLR0043,Aud-M240,BR2029,DT00932,1,9113392
DLR0044,Aud-M241,BR2039,DT00933,3,25413093
DLR0045,BMW-M242,BR2049,DT00934,2,6666064
DLR0046,BMW-M243,BR2059,DT00935,1,3215803
DLR0048,BMW-M245,BR2079,DT00937,2,15652146
DLR0049,BMW-M246,BR2089,DT00938,1,8766677
DLR0050,BMW-M247,BR2099,DT00939,3,9946293
DLR0052,BMW-M249,BR2119,DT00941,3,25246338
DLR0053,BMW-M250,BR2129,DT00942,3,21557505
DLR0054,MG-M251,BR2139,DT00943,2,5596372
DLR0055,MG-M252,BR2149,DT00944,1,8312239
DLR0056,Jee-M253,BR2159,DT00945,2,16171560
DLR0057,Jee-M254,BR2169,DT00946,3,18615153
DLR0058,Vol-M255,BR2179,DT00947,1,5142062
DLR0060,Vol-M257,BR2199,DT00949,2,14595714
DLR0063,Vol-M260,BR2229,DT00952,3,5490078
DLR0064,Nis-M261,BR2239,DT00953,2,1557242
DLR0066,Nis-M263,BR2259,DT00955,2,993368
DLR0069,Nis-M266,BR2289,DT00958,3,11307066
DLR0071,Nis-M268,BR2309,DT00960,2,4906052
DLR0072,Nis-M269,BR2319,DT00961,3,11129928
DLR0073,Nis-M270,BR2329,DT00962,1,6214775
DLR0074,Sko-M271,BR2339,DT00963,1,5064801
DLR0076,Sko-M273,BR2359,DT00965,3,1627572
DLR0077,Sko-M274,BR2369,DT00966,1,8371844
DLR0079,Mit-M276,BR2389,DT00968,1,8997454
DLR0080,Mit-M277,BR2399,DT00969,2,19086794
DLR0081,BMW-M1,BR2409,DT00970,2,1192682
DLR0082,BMW-M2,BR2419,DT00971,3,14197656
DLR0083,BMW-M3,BR2429,DT00972,3,9743532
DLR0084,BMW-M4,BR2439,DT00973,3,17445024
DLR0085,BMW-M5,BR2449,DT00974,3,18661467
DLR0087,Mer-M7,BR2469,DT00976,2,1600510
DLR0088,Mer-M8,BR0010,DT00977,2,11611234
DLR0089,Dod-M9,BR0020,DT00978,2,4816794
DLR0091,Jee-M11,BR0040,DT00980,1,4058632
DLR0092,Jee-M12,BR0050,DT00981,3,17231670
DLR0093,Jee-M13,BR0060,DT00982,1,2824317
DLR0094,Ram-M14,BR0070,DT00983,2,5887052
DLR0095,Ram-M15,BR0080,DT00984,2,14383990
DLR0096,For-M16,BR0090,DT00985,1,299478
DLR0099,For-M19,BR0120,DT00988,1,8169852
DLR0100,For-M20,BR0130,DT00989,1,3852248
DLR0101,For-M21,BR0140,DT00990,3,1614954
DLR0103,For-M23,BR0160,DT00992,3,19987149
DLR0104,For-M24,BR0170,DT00993,1,288894
DLR0105,For-M25,BR0180,DT00994,3,8308755
DLR0107,Lin-M27,BR0200,DT00996,2,16533070
DLR0109,Lin-M29,BR0220,DT00998,2,4380192
DLR0110,Lin-M30,BR0230,DT00999,3,27170463
DLR0111,Bui-M31,BR0240,DT01000,3,6945984
DLR0113,Cad-M33,BR0260,DT01002,1,9343340
DLR0114,Cad-M34,BR0270,DT01003,1,6196108
DLR0115,Cad-M35,BR0280,DT01004,1,4403793
DLR0116,Cad-M36,BR0290,DT01005,3,14184207
DLR0117,Cad-M37,BR0300,DT01006,1,7963904
DLR0118,Cad-M38,BR0310,DT01007,1,1669181
DLR0122,Che-M42,BR0350,DT01011,3,15858531
DLR0123,Che-M43,BR0360,DT01012,3,3927363
DLR0125,Che-M45,BR0380,DT01014,3,5923920
DLR0127,Che-M47,BR0400,DT01016,1,3396933
DLR0128,Che-M48,BR0410,DT01017,3,13471854
DLR0129,Che-M49,BR0420,DT01018,3,13134435
DLR0132,GMC-M52,BR0450,DT01021,3,7614612
DLR0133,GMC-M53,BR0460,DT01022,3,26010369
DLR0134,GMC-M54,BR0470,DT01023,1,5356071
DLR0136,GMC-M56,BR0490,DT01025,2,4419316
DLR0137,GMC-M57,BR0500,DT01026,1,2711044
DLR0139,Acu-M59,BR0520,DT01028,3,8089428
DLR0146,Hon-M66,BR0590,DT01035,3,22238040
DLR0147,Hon-M67,BR0600,DT01036,3,4597215
DLR0148,Hon-M68,BR0610,DT01037,3,11070153
DLR0149,Hon-M69,BR0620,DT01038,2,19026810
DLR0151,Hon-M71,BR0640,DT01040,1,4211565
DLR0152,Hyu-M72,BR0650,DT01041,1,9455157
DLR0153,Hyu-M73,BR0660,DT01042,1,8944803
DLR0155,Hyu-M75,BR0680,DT01044,1,8878331
DLR0156,Kia-M76,BR0690,DT01045,3,4674918
DLR0157,Kia-M77,BR0700,DT01046,3,14457039
DLR0158,Kia-M78,BR0710,DT01047,3,23016840
DLR0159,Inf-M79,BR0720,DT01048,3,20093703
DLR0160,Nis-M80,BR0730,DT01049,1,7509447
DLR0163,Nis-M83,BR0760,DT01052,1,2977984
DLR0164,Nis-M84,BR0770,DT01053,2,13110796
DLR0166,Nis-M86,BR0790,DT01055,2,16171738
DLR0168,Nis-M88,BR0810,DT01057,2,15252826
DLR0171,Riv-M91,BR0840,DT01060,3,13903245
DLR0173,Sub-M93,BR0860,DT01062,3,11897544
DLR0174,Sub-M94,BR0870,DT01063,3,20785545
DLR0175,Sub-M95,BR0880,DT01064,2,9244306
DLR0176,Tes-M96,BR0890,DT01065,1,4488940
DLR0177,Tes-M97,BR0900,DT01066,3,3283236
DLR0178,Tes-M98,BR0910,DT01067,2,2276966
DLR0180,Toy-M100,BR0930,DT01069,1,3388438
DLR0181,Toy-M101,BR0940,DT01070,1,1419756
DLR0182,Toy-M102,BR0950,DT01071,3,23969172
DLR0183,Toy-M103,BR0960,DT01072,2,9396554
DLR0184,Toy-M104,BR0970,DT01073,1,9597689
DLR0185,Toy-M105,BR0980,DT01074,3,27165489
DLR0186,Toy-M106,BR0990,DT01075,2,9420182
DLR0189,Vol-M109,BR1020,DT01078,1,4346106
DLR0191,Agr-M111,BR1040,DT01080,1,7803453
DLR0192,Agr-M112,BR1050,DT01081,3,6865194
DLR0193,Agr-M113,BR1060,DT01082,3,7823304
DLR0194,Che-M114,BR1070,DT01083,2,8850410
DLR0195,Cit-M115,BR1080,DT01084,1,523765
DLR0198,Fia-M118,BR1110,DT01087,1,4186433
DLR0200,Hon-M120,BR1130,DT01089,3,15259290
DLR0201,Mer-M121,BR1140,DT01090,2,6480690
DLR0202,Mer-M122,BR1150,DT01091,1,693802
DLR0204,Peu-M124,BR1170,DT01093,1,9062583
DLR0205,Peu-M125,BR1180,DT01094,3,23562717
DLR0206,Peu-M126,BR1190,DT01095,2,9479098
DLR0207,Ren-M127,BR1200,DT01096,1,5217794
DLR0208,Ren-M128,BR1210,DT01097,2,9250976
DLR0209,Ren-M129,BR1220,DT01098,1,3678913
DLR0210,Ren-M130,BR1230,DT01099,2,16850778
DLR0211,Ren-M131,BR1240,DT01100,1,2717264
DLR0214,Toy-M134,BR1270,DT01103,3,22982112
DLR0216,Vol-M136,BR1290,DT01105,3,19641387
DLR0217,Mar-M137,BR1300,DT01106,3,8749140
DLR0218,Mar-M138,BR1310,DT01107,1,1791030
DLR0219,Mar-M139,BR1320,DT01108,2,15720604
DLR0220,Mar-M140,BR1330,DT01109,2,4505054
DLR0221,Mar-M141,BR1340,DT01110,1,7636791
DLR0223,Mar-M143,BR1360,DT01112,2,10719476
DLR0224,Mar-M144,BR1370,DT01113,3,22596384
DLR0225,Mar-M145,BR1380,DT01114,3,5143059
DLR0226,Mar-M146,BR1390,DT01115,2,18375622
DLR0228,Mar-M148,BR1410,DT01117,3,22715907
DLR0229,Mar-M149,BR1420,DT01118,1,3362029
DLR0231,Mar-M151,BR1440,DT01120,3,12650379
DLR0232,Mar-M152,BR1450,DT01121,3,19474533
DLR0233,Hyu-M153,BR1460,DT01122,2,5377184
DLR0235,Hyu-M155,BR1480,DT01124,2,16603584
DLR0238,Hyu-M158,BR1510,DT01127,3,21888990
DLR0239,Hyu-M159,BR1520,DT01128,3,28839432
DLR0240,Hyu-M160,BR1530,DT01129,3,4257825
DLR0241,Hyu-M161,BR1540,DT01130,3,19956204
DLR0243,Hyu-M163,BR1560,DT01132,3,9443751
DLR0244,Hyu-M164,BR1570,DT01133,2,12224948
DLR0246,Mah-M166,BR1590,DT01135,1,4431368
DLR0247,Mah-M167,BR1600,DT01136,1,112246
DLR0248,Mah-M168,BR1610,DT01137,3,24362178
DLR0249,Mah-M169,BR1620,DT01138,3,27957369
DLR0250,Mah-M170,BR1630,DT01139,1,4796736
DLR0251,Mah-M171,BR1640,DT01140,2,19794014
DLR0253,Mah-M173,BR1660,DT01142,2,1134198
DLR0254,Mah-M174,BR1670,DT01143,1,6473726
DLR0255,Mah-M175,BR1680,DT01144,3,10287849
DLR0256,Mah-M176,BR1690,DT01145,2,9633912
DLR0257,Mah-M177,BR1700,DT01146,3,3198540
DLR0258,Mah-M178,BR1710,DT01147,2,8638572
DLR0259,Tat-M179,BR1720,DT01148,2,2656204
DLR0262,Tat-M182,BR1750,DT01151,2,10592974
DLR0264,Tat-M184,BR1770,DT01153,2,8789076
DLR0265,Tat-M185,BR1780,DT01154,1,5907291
DLR0267,Tat-M187,BR1800,DT01156,3,6558027
DLR0002,Tat-M189,BR1820,DT01158,1,2847247
DLR0003,Tat-M190,BR1830,DT01159,1,8462551
DLR0004,Tat-M191,BR1840,DT01160,2,14824880
DLR0006,Tat-M193,BR1860,DT01162,3,19782228
DLR0008,Toy-M195,BR1880,DT01164,1,9541679
DLR0011,Toy-M198,BR1910,DT01167,2,9387408
DLR0012,Toy-M199,BR1920,DT01168,2,8137212
DLR0013,Toy-M200,BR1930,DT01169,3,27872751
DLR0014,Toy-M201,BR1940,DT01170,2,8464536
DLR0016,Toy-M203,BR1960,DT01172,1,4420992
DLR0018,Toy-M205,BR1980,DT01174,3,18797763
DLR0019,Toy-M206,BR1990,DT01175,3,16819923
DLR0020,Ren-M207,BR2000,DT01176,3,26641407
DLR0023,Ren-M210,BR2030,DT01179,3,29245743
DLR0024,Ren-M211,BR2040,DT01180,1,1362898
DLR0025,Kia-M212,BR2050,DT01181,3,24546006
DLR0026,Kia-M213,BR2060,DT01182,1,2493076
DLR0027,Kia-M214,BR2070,DT01183,1,8376524
DLR0028,Hon-M215,BR2080,DT01184,1,7528299
DLR0029,Hon-M216,BR2090,DT01185,1,1297858
DLR0030,Hon-M217,BR2100,DT01186,1,1794492
DLR0031,Hon-M218,BR2110,DT01187,1,7084610
DLR0033,Hon-M220,BR2130,DT01189,1,2203758
DLR0034,For-M221,BR2140,DT01190,3,18982494
DLR0035,For-M222,BR2150,DT01191,3,1010235
DLR0036,For-M223,BR2160,DT01192,2,4417448
DLR0037,For-M224,BR2170,DT01193,1,1229389
DLR0038,For-M225,BR2180,DT01194,3,10562268
DLR0039,For-M226,BR2190,DT01195,2,13949298
DLR0040,Aud-M227,BR2200,DT01196,1,8881768
DLR0041,Aud-M228,BR2210,DT01197,2,14143962
DLR0042,Aud-M229,BR2220,DT01198,3,5651109
DLR0043,Aud-M230,BR2230,DT01199,2,18718750
DLR0044,Aud-M231,BR2240,DT01200,3,19955415
DLR0045,Aud-M232,BR2250,DT01201,2,1853412
DLR0046,Aud-M233,BR2260,DT01202,2,226386
DLR0047,Aud-M234,BR2270,DT01203,2,7358930
DLR0048,Aud-M235,BR2280,DT01204,3,23929671
DLR0049,Aud-M236,BR2290,DT01205,3,14157891
DLR0050,Aud-M237,BR2300,DT01206,1,5769353
DLR0051,Aud-M238,BR2310,DT01207,1,6666418
DLR0052,Aud-M239,BR2320,DT01208,3,5651517
DLR0053,Aud-M240,BR2330,DT01209,3,21747525
DLR0054,Aud-M241,BR2340,DT01210,1,7111275
DLR0055,BMW-M242,BR2350,DT01211,3,1772823
DLR0056,BMW-M243,BR2360,DT01212,3,17444340
DLR0057,BMW-M244,BR2370,DT01213,1,1498461
DLR0058,BMW-M245,BR2380,DT01214,2,3241882
DLR0061,BMW-M248,BR2410,DT01217,1,1996961
DLR0062,BMW-M249,BR2420,DT01218,1,2428393
DLR0064,MG-M251,BR2440,DT01220,2,14491058
DLR0065,MG-M252,BR2450,DT01221,1,5979549
DLR0066,Jee-M253,BR2460,DT01222,2,3309294
DLR0067,Jee-M254,BR2470,DT01223,3,2050218
DLR0069,Vol-M256,BR0011,DT01225,3,14181510
DLR0070,Vol-M257,BR0021,DT01226,1,7738896
DLR0071,Vol-M258,BR0031,DT01227,2,10067596
DLR0072,Vol-M259,BR0041,DT01228,2,13055810
DLR0073,Vol-M260,BR0051,DT01229,1,2224368
DLR0074,Nis-M261,BR0061,DT01230,3,11270580
DLR0075,Nis-M262,BR0071,DT01231,3,18784710
DLR0076,Nis-M263,BR0081,DT01232,3,2354637
DLR0080,Nis-M267,BR0121,DT01236,2,5421046
DLR0081,Nis-M268,BR0131,DT01237,3,28034733
DLR0082,Nis-M269,BR0141,DT01238,2,17522592
DLR0083,Nis-M270,BR0151,DT01239,3,25901364
DLR0086,Sko-M273,BR0181,DT01242,1,7915343
DLR0087,Sko-M274,BR0191,DT01243,3,24183663
DLR0088,Mit-M275,BR0201,DT01244,2,847952
DLR0089,Mit-M276,BR0211,DT01245,1,2887860
DLR0090,Mit-M277,BR0221,DT01246,3,24243636